url,titre,quantites,ingredients
http://www.marmiton.org/recettes/recette_verrines-aux-fraises-mascarpone-et-creme-anglaise_72416.aspx,verrines aux fraises mascarpone et crème anglaise,125, g de biscuit sablé
http://www.marmiton.org/recettes/recette_verrines-aux-fraises-mascarpone-et-creme-anglaise_72416.aspx,verrines aux fraises mascarpone et crème anglaise,400, g de fraise
http://www.marmiton.org/recettes/recette_verrines-aux-fraises-mascarpone-et-creme-anglaise_72416.aspx,verrines aux fraises mascarpone et crème anglaise,250, g de mascarpone
http://www.marmiton.org/recettes/recette_verrines-aux-fraises-mascarpone-et-creme-anglaise_72416.aspx,verrines aux fraises mascarpone et crème anglaise,100, g de sucre glace
http://www.marmiton.org/recettes/recette_verrines-aux-fraises-mascarpone-et-creme-anglaise_72416.aspx,verrines aux fraises mascarpone et crème anglaise,20, cl de crème liquide
http://www.marmiton.org/recettes/recette_verrines-aux-fraises-mascarpone-et-creme-anglaise_72416.aspx,verrines aux fraises mascarpone et crème anglaise,25, cl de crème anglaise
http://www.marmiton.org/recettes/recette_verrines-aux-fraises-mascarpone-et-creme-anglaise_72416.aspx,verrines aux fraises mascarpone et crème anglaise,6, cuillère à café de noix de coco rapée
http://www.marmiton.org/recettes/recette_gateau-aux-fraises-et-framboises_337615.aspx,Gâteau aux fraises et framboises,4, oeuf
http://www.marmiton.org/recettes/recette_gateau-aux-fraises-et-framboises_337615.aspx,Gâteau aux fraises et framboises,120, g de sucre
http://www.marmiton.org/recettes/recette_gateau-aux-fraises-et-framboises_337615.aspx,Gâteau aux fraises et framboises,120, g de farine
http://www.marmiton.org/recettes/recette_gateau-aux-fraises-et-framboises_337615.aspx,Gâteau aux fraises et framboises,50, cl de lait
http://www.marmiton.org/recettes/recette_gateau-aux-fraises-et-framboises_337615.aspx,Gâteau aux fraises et framboises,1, gousse de vanille
http://www.marmiton.org/recettes/recette_gateau-aux-fraises-et-framboises_337615.aspx,Gâteau aux fraises et framboises,4, oeuf
http://www.marmiton.org/recettes/recette_gateau-aux-fraises-et-framboises_337615.aspx,Gâteau aux fraises et framboises,100, g de sucre
http://www.marmiton.org/recettes/recette_gateau-aux-fraises-et-framboises_337615.aspx,Gâteau aux fraises et framboises,50, g de farine
http://www.marmiton.org/recettes/recette_gateau-aux-fraises-et-framboises_337615.aspx,Gâteau aux fraises et framboises,250, g de beurre
http://www.marmiton.org/recettes/recette_gateau-aux-fraises-et-framboises_337615.aspx,Gâteau aux fraises et framboises,500, g de fraise
http://www.marmiton.org/recettes/recette_gateau-aux-fraises-et-framboises_337615.aspx,Gâteau aux fraises et framboises,250, g de framboise
http://www.marmiton.org/recettes/recette_gateau-aux-fraises-et-framboises_337615.aspx,Gâteau aux fraises et framboises,25, cl d'eau
http://www.marmiton.org/recettes/recette_gateau-aux-fraises-et-framboises_337615.aspx,Gâteau aux fraises et framboises,,Sucre
http://www.marmiton.org/recettes/recette_gateau-aux-fraises-et-framboises_337615.aspx,Gâteau aux fraises et framboises,4, feuille de gélatine
http://www.marmiton.org/recettes/recette_gateau-aux-fraises-et-framboises_337615.aspx,Gâteau aux fraises et framboises,,Fruits rouges
http://www.marmiton.org/recettes/recette_verrine-de-mousse-de-fruits-rouges_62082.aspx,Verrine de mousse de fruits rouges,250, g de fruits rouges
http://www.marmiton.org/recettes/recette_verrine-de-mousse-de-fruits-rouges_62082.aspx,Verrine de mousse de fruits rouges,2, oeuf
http://www.marmiton.org/recettes/recette_verrine-de-mousse-de-fruits-rouges_62082.aspx,Verrine de mousse de fruits rouges,50, g de sucre
http://www.marmiton.org/recettes/recette_verrine-de-mousse-de-fruits-rouges_62082.aspx,Verrine de mousse de fruits rouges,5, cl de crème fraîche
http://www.marmiton.org/recettes/recette_verrine-de-mousse-de-fruits-rouges_62082.aspx,Verrine de mousse de fruits rouges,1, pincée de sel
http://www.marmiton.org/recettes/recette_gateau-a-la-creme-de-marrons_25401.aspx,Gâteau à la crème de marrons,500, g de crème de marron
http://www.marmiton.org/recettes/recette_gateau-a-la-creme-de-marrons_25401.aspx,Gâteau à la crème de marrons,2, oeuf
http://www.marmiton.org/recettes/recette_gateau-a-la-creme-de-marrons_25401.aspx,Gâteau à la crème de marrons,3, cuillère à café de fécule
http://www.marmiton.org/recettes/recette_gateau-a-la-creme-de-marrons_25401.aspx,Gâteau à la crème de marrons,10, cl de crème
http://www.marmiton.org/recettes/recette_sables-a-la-confiture-de-framboises_166914.aspx,Sablés à la confiture de framboises,250, g de beurre
http://www.marmiton.org/recettes/recette_sables-a-la-confiture-de-framboises_166914.aspx,Sablés à la confiture de framboises,125, g de sucre glace
http://www.marmiton.org/recettes/recette_sables-a-la-confiture-de-framboises_166914.aspx,Sablés à la confiture de framboises,650, g de farine
http://www.marmiton.org/recettes/recette_sables-a-la-confiture-de-framboises_166914.aspx,Sablés à la confiture de framboises,1, oeuf
http://www.marmiton.org/recettes/recette_sables-a-la-confiture-de-framboises_166914.aspx,Sablés à la confiture de framboises,,Confiture
http://www.marmiton.org/recettes/recette_mini-clafoutis-aux-mures_28342.aspx,Mini-clafoutis aux mûres,85, g de farine
http://www.marmiton.org/recettes/recette_mini-clafoutis-aux-mures_28342.aspx,Mini-clafoutis aux mûres,135, g de mûre
http://www.marmiton.org/recettes/recette_mini-clafoutis-aux-mures_28342.aspx,Mini-clafoutis aux mûres,10, g de beurre
http://www.marmiton.org/recettes/recette_mini-clafoutis-aux-mures_28342.aspx,Mini-clafoutis aux mûres,2, oeuf
http://www.marmiton.org/recettes/recette_mini-clafoutis-aux-mures_28342.aspx,Mini-clafoutis aux mûres,35, g de sucre
http://www.marmiton.org/recettes/recette_mini-clafoutis-aux-mures_28342.aspx,Mini-clafoutis aux mûres,20, cl de lait
http://www.marmiton.org/recettes/recette_mini-clafoutis-aux-mures_28342.aspx,Mini-clafoutis aux mûres,1, pincée de sel
http://www.marmiton.org/recettes/recette_mini-crumble-aux-pommes_335455.aspx,Mini crumble aux pommes,150, g de sucre
http://www.marmiton.org/recettes/recette_mini-crumble-aux-pommes_335455.aspx,Mini crumble aux pommes,150, g de farine
http://www.marmiton.org/recettes/recette_mini-crumble-aux-pommes_335455.aspx,Mini crumble aux pommes,125, g de beurre
http://www.marmiton.org/recettes/recette_mini-crumble-aux-pommes_335455.aspx,Mini crumble aux pommes,1, sachet de sucre vanillé
http://www.marmiton.org/recettes/recette_mini-crumble-aux-pommes_335455.aspx,Mini crumble aux pommes,1, pomme
http://www.marmiton.org/recettes/recette_galette-des-rois-franc-comtoise-des-cantoches_341920.aspx,Galette des Rois Franc-Comtoise des Cantoches,25, cl de lait
http://www.marmiton.org/recettes/recette_galette-des-rois-franc-comtoise-des-cantoches_341920.aspx,Galette des Rois Franc-Comtoise des Cantoches,100, g de beurre
http://www.marmiton.org/recettes/recette_galette-des-rois-franc-comtoise-des-cantoches_341920.aspx,Galette des Rois Franc-Comtoise des Cantoches,125, g de farine de blé
http://www.marmiton.org/recettes/recette_galette-des-rois-franc-comtoise-des-cantoches_341920.aspx,Galette des Rois Franc-Comtoise des Cantoches,75, g de sucre
http://www.marmiton.org/recettes/recette_galette-des-rois-franc-comtoise-des-cantoches_341920.aspx,Galette des Rois Franc-Comtoise des Cantoches,1, sachet de sucre vanillé
http://www.marmiton.org/recettes/recette_galette-des-rois-franc-comtoise-des-cantoches_341920.aspx,Galette des Rois Franc-Comtoise des Cantoches,4, oeuf
http://www.marmiton.org/recettes/recette_galette-des-rois-franc-comtoise-des-cantoches_341920.aspx,Galette des Rois Franc-Comtoise des Cantoches,2, cuillère à soupe de crème fraîche
http://www.marmiton.org/recettes/recette_galette-des-rois-franc-comtoise-des-cantoches_341920.aspx,Galette des Rois Franc-Comtoise des Cantoches,2, cuillère à soupe d'eau de fleur d'oranger
http://www.marmiton.org/recettes/recette_crumble-a-la-poire_29096.aspx,crumble à la poire,5, poire
http://www.marmiton.org/recettes/recette_crumble-a-la-poire_29096.aspx,crumble à la poire,175, g de sucre
http://www.marmiton.org/recettes/recette_crumble-a-la-poire_29096.aspx,crumble à la poire,120, g de beurre
http://www.marmiton.org/recettes/recette_crumble-a-la-poire_29096.aspx,crumble à la poire,2, cuillère à soupe de cannelle
http://www.marmiton.org/recettes/recette_crumble-a-la-poire_29096.aspx,crumble à la poire,150, g de farine
http://www.marmiton.org/recettes/recette_crumble-a-la-poire_29096.aspx,crumble à la poire,,Citron
http://www.marmiton.org/recettes/recette_bowl-cake-moelleux-chocolat-noisettes_347676.aspx,Bowl cake moelleux chocolat noisettes,100, g de chocolat
http://www.marmiton.org/recettes/recette_bowl-cake-moelleux-chocolat-noisettes_347676.aspx,Bowl cake moelleux chocolat noisettes,3, cuillère à soupe de lait
http://www.marmiton.org/recettes/recette_bowl-cake-moelleux-chocolat-noisettes_347676.aspx,Bowl cake moelleux chocolat noisettes,2, cuillère à soupe de sucre
http://www.marmiton.org/recettes/recette_bowl-cake-moelleux-chocolat-noisettes_347676.aspx,Bowl cake moelleux chocolat noisettes,2, oeuf
http://www.marmiton.org/recettes/recette_bowl-cake-moelleux-chocolat-noisettes_347676.aspx,Bowl cake moelleux chocolat noisettes,2, cuillère à soupe de purée
http://www.marmiton.org/recettes/recette_bowl-cake-moelleux-chocolat-noisettes_347676.aspx,Bowl cake moelleux chocolat noisettes,2, cuillère à soupe de poudre de noisette
http://www.marmiton.org/recettes/recette_bowl-cake-moelleux-chocolat-noisettes_347676.aspx,Bowl cake moelleux chocolat noisettes,1/2, cuillère à café de levure
http://www.marmiton.org/recettes/recette_bowl-cake-moelleux-chocolat-noisettes_347676.aspx,Bowl cake moelleux chocolat noisettes,1, boule de glace vanille
http://www.marmiton.org/recettes/recette_bowl-cake-moelleux-chocolat-noisettes_347676.aspx,Bowl cake moelleux chocolat noisettes,1, pincée de pralin
http://www.marmiton.org/recettes/recette_angel-food-cake_38335.aspx,Angel food cake,250, g de sucre
http://www.marmiton.org/recettes/recette_angel-food-cake_38335.aspx,Angel food cake,100, g de farine
http://www.marmiton.org/recettes/recette_angel-food-cake_38335.aspx,Angel food cake,1, pincée de sel
http://www.marmiton.org/recettes/recette_angel-food-cake_38335.aspx,Angel food cake,10, blanc d'oeuf
http://www.marmiton.org/recettes/recette_angel-food-cake_38335.aspx,Angel food cake,1, cuillère à café de crème
http://www.marmiton.org/recettes/recette_angel-food-cake_38335.aspx,Angel food cake,1/2, cuillère à café de vanille
http://www.marmiton.org/recettes/recette_angel-food-cake_38335.aspx,Angel food cake,1/2, cuillère à café d'extrait d'amande
http://www.marmiton.org/recettes/recette_angel-food-cake_38335.aspx,Angel food cake,1, cuillère à soupe de jus de citron
http://www.marmiton.org/recettes/recette_petits-biscuits-au-chocolat-fondant_61097.aspx,Petits biscuits au chocolat fondant,250, g de farine
http://www.marmiton.org/recettes/recette_petits-biscuits-au-chocolat-fondant_61097.aspx,Petits biscuits au chocolat fondant,100, g de cassonade
http://www.marmiton.org/recettes/recette_petits-biscuits-au-chocolat-fondant_61097.aspx,Petits biscuits au chocolat fondant,100, g de sucre en poudre
http://www.marmiton.org/recettes/recette_petits-biscuits-au-chocolat-fondant_61097.aspx,Petits biscuits au chocolat fondant,1, sachet de sucre vanillé
http://www.marmiton.org/recettes/recette_petits-biscuits-au-chocolat-fondant_61097.aspx,Petits biscuits au chocolat fondant,100, g de beurre
http://www.marmiton.org/recettes/recette_petits-biscuits-au-chocolat-fondant_61097.aspx,Petits biscuits au chocolat fondant,1, oeuf
http://www.marmiton.org/recettes/recette_petits-biscuits-au-chocolat-fondant_61097.aspx,Petits biscuits au chocolat fondant,1/2, sachet de levure
http://www.marmiton.org/recettes/recette_petits-biscuits-au-chocolat-fondant_61097.aspx,Petits biscuits au chocolat fondant,2, cuillère à soupe de cacao amer
http://www.marmiton.org/recettes/recette_petits-biscuits-au-chocolat-fondant_61097.aspx,Petits biscuits au chocolat fondant,200, g de chocolat
http://www.marmiton.org/recettes/recette_flan-aux-abricots_14362.aspx,Flan aux abricots,600, g d'abricot
http://www.marmiton.org/recettes/recette_flan-aux-abricots_14362.aspx,Flan aux abricots,5, oeuf
http://www.marmiton.org/recettes/recette_flan-aux-abricots_14362.aspx,Flan aux abricots,50, g de sucre semoule
http://www.marmiton.org/recettes/recette_flan-aux-abricots_14362.aspx,Flan aux abricots,20, cl de crème fleurette
http://www.marmiton.org/recettes/recette_flan-aux-abricots_14362.aspx,Flan aux abricots,10, cl de lait
http://www.marmiton.org/recettes/recette_flan-aux-abricots_14362.aspx,Flan aux abricots,,Amande
http://www.marmiton.org/recettes/recette_soupe-de-pasteque-a-la-menthe_40217.aspx,Soupe de pastèque à la menthe,1, pastèque
http://www.marmiton.org/recettes/recette_soupe-de-pasteque-a-la-menthe_40217.aspx,Soupe de pastèque à la menthe,7, cl de sirop
http://www.marmiton.org/recettes/recette_soupe-de-pasteque-a-la-menthe_40217.aspx,Soupe de pastèque à la menthe,10, feuille de menthe
http://www.marmiton.org/recettes/recette_pomme-d-amour_10554.aspx,Pomme d'amour,2, pomme
http://www.marmiton.org/recettes/recette_pomme-d-amour_10554.aspx,Pomme d'amour,70, g de sucre
http://www.marmiton.org/recettes/recette_pomme-d-amour_10554.aspx,Pomme d'amour,10, cl d'eau
http://www.marmiton.org/recettes/recette_gateau-facile-aux-fruits-au-sirop_28897.aspx,gâteau facile aux fruits au sirop,400, g de macédoine
http://www.marmiton.org/recettes/recette_gateau-facile-aux-fruits-au-sirop_28897.aspx,gâteau facile aux fruits au sirop,150, g de beurre
http://www.marmiton.org/recettes/recette_gateau-facile-aux-fruits-au-sirop_28897.aspx,gâteau facile aux fruits au sirop,125, g de sucre
http://www.marmiton.org/recettes/recette_gateau-facile-aux-fruits-au-sirop_28897.aspx,gâteau facile aux fruits au sirop,3, oeuf
http://www.marmiton.org/recettes/recette_gateau-facile-aux-fruits-au-sirop_28897.aspx,gâteau facile aux fruits au sirop,1, zeste de citron
http://www.marmiton.org/recettes/recette_gateau-facile-aux-fruits-au-sirop_28897.aspx,gâteau facile aux fruits au sirop,1, sachet de levure
http://www.marmiton.org/recettes/recette_gateau-facile-aux-fruits-au-sirop_28897.aspx,gâteau facile aux fruits au sirop,200, g de farine
http://www.marmiton.org/recettes/recette_panna-cotta-chocolat-blanc-et-gelee-chocolat-noir_304644.aspx,Panna cotta chocolat blanc et gelée chocolat noir,40, cl de crème
http://www.marmiton.org/recettes/recette_panna-cotta-chocolat-blanc-et-gelee-chocolat-noir_304644.aspx,Panna cotta chocolat blanc et gelée chocolat noir,10, cl de lait
http://www.marmiton.org/recettes/recette_panna-cotta-chocolat-blanc-et-gelee-chocolat-noir_304644.aspx,Panna cotta chocolat blanc et gelée chocolat noir,70, g de chocolat blanc
http://www.marmiton.org/recettes/recette_panna-cotta-chocolat-blanc-et-gelee-chocolat-noir_304644.aspx,Panna cotta chocolat blanc et gelée chocolat noir,30, g de sucre semoule
http://www.marmiton.org/recettes/recette_panna-cotta-chocolat-blanc-et-gelee-chocolat-noir_304644.aspx,Panna cotta chocolat blanc et gelée chocolat noir,1, sachet d'agar-agar
http://www.marmiton.org/recettes/recette_panna-cotta-chocolat-blanc-et-gelee-chocolat-noir_304644.aspx,Panna cotta chocolat blanc et gelée chocolat noir,1, petit verre de liqueur
http://www.marmiton.org/recettes/recette_panna-cotta-chocolat-blanc-et-gelee-chocolat-noir_304644.aspx,Panna cotta chocolat blanc et gelée chocolat noir,150, g de chocolat
http://www.marmiton.org/recettes/recette_panna-cotta-chocolat-blanc-et-gelee-chocolat-noir_304644.aspx,Panna cotta chocolat blanc et gelée chocolat noir,1/2, l de café
http://www.marmiton.org/recettes/recette_panna-cotta-chocolat-blanc-et-gelee-chocolat-noir_304644.aspx,Panna cotta chocolat blanc et gelée chocolat noir,30, g de sucre semoule
http://www.marmiton.org/recettes/recette_panna-cotta-chocolat-blanc-et-gelee-chocolat-noir_304644.aspx,Panna cotta chocolat blanc et gelée chocolat noir,2, sachet de sucre vanillé
http://www.marmiton.org/recettes/recette_panna-cotta-chocolat-blanc-et-gelee-chocolat-noir_304644.aspx,Panna cotta chocolat blanc et gelée chocolat noir,1/2, sachet d'agar-agar
http://www.marmiton.org/recettes/recette_pate-sablee-croustillante_73969.aspx,Pâte sablée croustillante,100, g de sucre
http://www.marmiton.org/recettes/recette_pate-sablee-croustillante_73969.aspx,Pâte sablée croustillante,125, g de beurre
http://www.marmiton.org/recettes/recette_pate-sablee-croustillante_73969.aspx,Pâte sablée croustillante,200, g de farine
http://www.marmiton.org/recettes/recette_pate-sablee-croustillante_73969.aspx,Pâte sablée croustillante,1, oeuf
http://www.marmiton.org/recettes/recette_creme-au-chocolat-facon-bechamel_41027.aspx,Crème au chocolat façon béchamel,1, l de lait
http://www.marmiton.org/recettes/recette_creme-au-chocolat-facon-bechamel_41027.aspx,Crème au chocolat façon béchamel,100, g de chocolat noir
http://www.marmiton.org/recettes/recette_creme-au-chocolat-facon-bechamel_41027.aspx,Crème au chocolat façon béchamel,100, g de chocolat au lait
http://www.marmiton.org/recettes/recette_creme-au-chocolat-facon-bechamel_41027.aspx,Crème au chocolat façon béchamel,50, g de farine
http://www.marmiton.org/recettes/recette_creme-au-chocolat-facon-bechamel_41027.aspx,Crème au chocolat façon béchamel,70, g de beurre demi-sel
http://www.marmiton.org/recettes/recette_gaufrettes-extra-fines_24133.aspx,Gaufrettes extra fines,320, g de farine
http://www.marmiton.org/recettes/recette_gaufrettes-extra-fines_24133.aspx,Gaufrettes extra fines,200, g de beurre
http://www.marmiton.org/recettes/recette_gaufrettes-extra-fines_24133.aspx,Gaufrettes extra fines,300, g de sucre
http://www.marmiton.org/recettes/recette_gaufrettes-extra-fines_24133.aspx,Gaufrettes extra fines,4, oeuf
http://www.marmiton.org/recettes/recette_gaufrettes-extra-fines_24133.aspx,Gaufrettes extra fines,11, g de levure chimique
http://www.marmiton.org/recettes/recette_gaufrettes-extra-fines_24133.aspx,Gaufrettes extra fines,7.5, g de sucre vanillé
http://www.marmiton.org/recettes/recette_gaufrettes-extra-fines_24133.aspx,Gaufrettes extra fines,3, cl de rhum
http://www.marmiton.org/recettes/recette_compote-mangue-banane-kiwi_318806.aspx,"Compote mangue, banane & kiwi",1, mangue
http://www.marmiton.org/recettes/recette_compote-mangue-banane-kiwi_318806.aspx,"Compote mangue, banane & kiwi",1, banane
http://www.marmiton.org/recettes/recette_compote-mangue-banane-kiwi_318806.aspx,"Compote mangue, banane & kiwi",2, kiwi
http://www.marmiton.org/recettes/recette_compote-mangue-banane-kiwi_318806.aspx,"Compote mangue, banane & kiwi",1, pincée de cannelle
http://www.marmiton.org/recettes/recette_compote-mangue-banane-kiwi_318806.aspx,"Compote mangue, banane & kiwi",1, cuillère à soupe de sucre roux
http://www.marmiton.org/recettes/recette_mini-tiramisu-au-nutella_346559.aspx,Mini tiramisu au Nutella®,600, g de crème pâtissière
http://www.marmiton.org/recettes/recette_mini-tiramisu-au-nutella_346559.aspx,Mini tiramisu au Nutella®,300, g de crème fraîche
http://www.marmiton.org/recettes/recette_mini-tiramisu-au-nutella_346559.aspx,Mini tiramisu au Nutella®,300, g de mascarpone
http://www.marmiton.org/recettes/recette_mini-tiramisu-au-nutella_346559.aspx,Mini tiramisu au Nutella®,75, g de sucre en poudre
http://www.marmiton.org/recettes/recette_mini-tiramisu-au-nutella_346559.aspx,Mini tiramisu au Nutella®,,Rhum
http://www.marmiton.org/recettes/recette_mini-tiramisu-au-nutella_346559.aspx,Mini tiramisu au Nutella®,400, g de boudoir
http://www.marmiton.org/recettes/recette_mini-tiramisu-au-nutella_346559.aspx,Mini tiramisu au Nutella®,500, ml de café
http://www.marmiton.org/recettes/recette_mini-tiramisu-au-nutella_346559.aspx,Mini tiramisu au Nutella®,120, g de Nutella®
http://www.marmiton.org/recettes/recette_mini-tiramisu-au-nutella_346559.aspx,Mini tiramisu au Nutella®,,Sucre
http://www.marmiton.org/recettes/recette_mini-tiramisu-au-nutella_346559.aspx,Mini tiramisu au Nutella®,500, ml de lait
http://www.marmiton.org/recettes/recette_mini-tiramisu-au-nutella_346559.aspx,Mini tiramisu au Nutella®,8, jaune d'oeuf
http://www.marmiton.org/recettes/recette_mini-tiramisu-au-nutella_346559.aspx,Mini tiramisu au Nutella®,120, g de sucre en poudre
http://www.marmiton.org/recettes/recette_mini-tiramisu-au-nutella_346559.aspx,Mini tiramisu au Nutella®,35, g de fécule de maïs
http://www.marmiton.org/recettes/recette_mini-tiramisu-au-nutella_346559.aspx,Mini tiramisu au Nutella®,,pincée de sel
http://www.marmiton.org/recettes/recette_mini-tiramisu-au-nutella_346559.aspx,Mini tiramisu au Nutella®,1, gousse de vanille
http://www.marmiton.org/recettes/recette_madeleines-au-coeur-de-nutella_68476.aspx,Madeleines au coeur de nutella,125, g de beurre demi-sel
http://www.marmiton.org/recettes/recette_madeleines-au-coeur-de-nutella_68476.aspx,Madeleines au coeur de nutella,3, oeuf
http://www.marmiton.org/recettes/recette_madeleines-au-coeur-de-nutella_68476.aspx,Madeleines au coeur de nutella,130, g de sucre roux
http://www.marmiton.org/recettes/recette_madeleines-au-coeur-de-nutella_68476.aspx,Madeleines au coeur de nutella,1, cuillère à soupe de miel
http://www.marmiton.org/recettes/recette_madeleines-au-coeur-de-nutella_68476.aspx,Madeleines au coeur de nutella,150, g de farine
http://www.marmiton.org/recettes/recette_madeleines-au-coeur-de-nutella_68476.aspx,Madeleines au coeur de nutella,1/2, sachet de levure
http://www.marmiton.org/recettes/recette_madeleines-au-coeur-de-nutella_68476.aspx,Madeleines au coeur de nutella,1, citron
http://www.marmiton.org/recettes/recette_madeleines-au-coeur-de-nutella_68476.aspx,Madeleines au coeur de nutella,2, cuillère à soupe de nutella
http://www.marmiton.org/recettes/recette_muffins-maxi-moelleux-aux-framboises-des-cantoches_340465.aspx,Muffins maxi moelleux aux Framboises des Cantoches,250, g de farine de blé
http://www.marmiton.org/recettes/recette_muffins-maxi-moelleux-aux-framboises-des-cantoches_340465.aspx,Muffins maxi moelleux aux Framboises des Cantoches,3, oeuf
http://www.marmiton.org/recettes/recette_muffins-maxi-moelleux-aux-framboises-des-cantoches_340465.aspx,Muffins maxi moelleux aux Framboises des Cantoches,125, g de beurre
http://www.marmiton.org/recettes/recette_muffins-maxi-moelleux-aux-framboises-des-cantoches_340465.aspx,Muffins maxi moelleux aux Framboises des Cantoches,150, ml de lait
http://www.marmiton.org/recettes/recette_muffins-maxi-moelleux-aux-framboises-des-cantoches_340465.aspx,Muffins maxi moelleux aux Framboises des Cantoches,100, g de sucre
http://www.marmiton.org/recettes/recette_muffins-maxi-moelleux-aux-framboises-des-cantoches_340465.aspx,Muffins maxi moelleux aux Framboises des Cantoches,1, sachet de levure chimique
http://www.marmiton.org/recettes/recette_muffins-maxi-moelleux-aux-framboises-des-cantoches_340465.aspx,Muffins maxi moelleux aux Framboises des Cantoches,1, pincée de sel
http://www.marmiton.org/recettes/recette_muffins-maxi-moelleux-aux-framboises-des-cantoches_340465.aspx,Muffins maxi moelleux aux Framboises des Cantoches,25, g de chocolat noir
http://www.marmiton.org/recettes/recette_crumble-aux-fruits-rouges-aromatise-a-la-pistache_41023.aspx,Crumble aux fruits rouges aromatisé à la pistache,1, sachet de fruits rouges
http://www.marmiton.org/recettes/recette_crumble-aux-fruits-rouges-aromatise-a-la-pistache_41023.aspx,Crumble aux fruits rouges aromatisé à la pistache,130, g de beurre
http://www.marmiton.org/recettes/recette_crumble-aux-fruits-rouges-aromatise-a-la-pistache_41023.aspx,Crumble aux fruits rouges aromatisé à la pistache,180, g de farine
http://www.marmiton.org/recettes/recette_crumble-aux-fruits-rouges-aromatise-a-la-pistache_41023.aspx,Crumble aux fruits rouges aromatisé à la pistache,100, g de sucre roux
http://www.marmiton.org/recettes/recette_crumble-aux-fruits-rouges-aromatise-a-la-pistache_41023.aspx,Crumble aux fruits rouges aromatisé à la pistache,50, g de pistache
http://www.marmiton.org/recettes/recette_crumble-a-la-banane_13195.aspx,Crumble à la banane,125, g de farine
http://www.marmiton.org/recettes/recette_crumble-a-la-banane_13195.aspx,Crumble à la banane,180, g de beurre
http://www.marmiton.org/recettes/recette_crumble-a-la-banane_13195.aspx,Crumble à la banane,60, g de cassonade
http://www.marmiton.org/recettes/recette_crumble-a-la-banane_13195.aspx,Crumble à la banane,30, g de sucre
http://www.marmiton.org/recettes/recette_crumble-a-la-banane_13195.aspx,Crumble à la banane,3, banane
http://www.marmiton.org/recettes/recette_crumble-a-la-banane_13195.aspx,Crumble à la banane,2, pomme
http://www.marmiton.org/recettes/recette_crumble-a-la-banane_13195.aspx,Crumble à la banane,,Citron
http://www.marmiton.org/recettes/recette_crumble-a-la-banane_13195.aspx,Crumble à la banane,4, cuillère à soupe de pistache
http://www.marmiton.org/recettes/recette_crumble-a-la-banane_13195.aspx,Crumble à la banane,,Sel
http://www.marmiton.org/recettes/recette_choux-a-la-chantilly-nappes-de-chocolat-chaud_21745.aspx,Choux à la chantilly nappés de chocolat chaud,6, cl d'eau
http://www.marmiton.org/recettes/recette_choux-a-la-chantilly-nappes-de-chocolat-chaud_21745.aspx,Choux à la chantilly nappés de chocolat chaud,25, g de beurre
http://www.marmiton.org/recettes/recette_choux-a-la-chantilly-nappes-de-chocolat-chaud_21745.aspx,Choux à la chantilly nappés de chocolat chaud,35, g de farine
http://www.marmiton.org/recettes/recette_choux-a-la-chantilly-nappes-de-chocolat-chaud_21745.aspx,Choux à la chantilly nappés de chocolat chaud,1, oeuf
http://www.marmiton.org/recettes/recette_choux-a-la-chantilly-nappes-de-chocolat-chaud_21745.aspx,Choux à la chantilly nappés de chocolat chaud,1, pincée de sel
http://www.marmiton.org/recettes/recette_choux-a-la-chantilly-nappes-de-chocolat-chaud_21745.aspx,Choux à la chantilly nappés de chocolat chaud,125, g de crème fraîche
http://www.marmiton.org/recettes/recette_choux-a-la-chantilly-nappes-de-chocolat-chaud_21745.aspx,Choux à la chantilly nappés de chocolat chaud,1, sachet de sucre vanillé
http://www.marmiton.org/recettes/recette_choux-a-la-chantilly-nappes-de-chocolat-chaud_21745.aspx,Choux à la chantilly nappés de chocolat chaud,100, g de chocolat
http://www.marmiton.org/recettes/recette_choux-a-la-chantilly-nappes-de-chocolat-chaud_21745.aspx,Choux à la chantilly nappés de chocolat chaud,5, cl de lait
http://www.marmiton.org/recettes/recette_choux-a-la-chantilly-nappes-de-chocolat-chaud_21745.aspx,Choux à la chantilly nappés de chocolat chaud,15, g de beurre
http://www.marmiton.org/recettes/recette_clafoutis-aux-brugnons_30495.aspx,Clafoutis aux brugnons,20, g de beurre
http://www.marmiton.org/recettes/recette_clafoutis-aux-brugnons_30495.aspx,Clafoutis aux brugnons,150, g de sucre en poudre
http://www.marmiton.org/recettes/recette_clafoutis-aux-brugnons_30495.aspx,Clafoutis aux brugnons,6, brugnon
http://www.marmiton.org/recettes/recette_clafoutis-aux-brugnons_30495.aspx,Clafoutis aux brugnons,3, oeuf
http://www.marmiton.org/recettes/recette_clafoutis-aux-brugnons_30495.aspx,Clafoutis aux brugnons,50, g de farine
http://www.marmiton.org/recettes/recette_clafoutis-aux-brugnons_30495.aspx,Clafoutis aux brugnons,,Sel
http://www.marmiton.org/recettes/recette_clafoutis-aux-brugnons_30495.aspx,Clafoutis aux brugnons,20, cl de lait
http://www.marmiton.org/recettes/recette_clafoutis-aux-brugnons_30495.aspx,Clafoutis aux brugnons,10, cl de crème liquide
http://www.marmiton.org/recettes/recette_clafoutis-aux-brugnons_30495.aspx,Clafoutis aux brugnons,1, cuillère à soupe de sucre glace
http://www.marmiton.org/recettes/recette_sables-maison_19412.aspx,Sablés maison,200, g de farine
http://www.marmiton.org/recettes/recette_sables-maison_19412.aspx,Sablés maison,125, g de sucre
http://www.marmiton.org/recettes/recette_sables-maison_19412.aspx,Sablés maison,1, oeuf
http://www.marmiton.org/recettes/recette_sables-maison_19412.aspx,Sablés maison,1, sachet de sucre vanillé
http://www.marmiton.org/recettes/recette_sables-maison_19412.aspx,Sablés maison,125, g de beurre
http://www.marmiton.org/recettes/recette_sables-maison_19412.aspx,Sablés maison,,Cannelle
http://www.marmiton.org/recettes/recette_sables-maison_19412.aspx,Sablés maison,1, pincée de sel
http://www.marmiton.org/recettes/recette_tarte-aux-marrons-et-au-fromage-blanc_27584.aspx,Tarte aux marrons et au fromage blanc,1, rouleau de pâte brisée
http://www.marmiton.org/recettes/recette_tarte-aux-marrons-et-au-fromage-blanc_27584.aspx,Tarte aux marrons et au fromage blanc,500, g de crème de marron
http://www.marmiton.org/recettes/recette_tarte-aux-marrons-et-au-fromage-blanc_27584.aspx,Tarte aux marrons et au fromage blanc,4, oeuf
http://www.marmiton.org/recettes/recette_tarte-aux-marrons-et-au-fromage-blanc_27584.aspx,Tarte aux marrons et au fromage blanc,25, cl de crème fraîche
http://www.marmiton.org/recettes/recette_tarte-aux-marrons-et-au-fromage-blanc_27584.aspx,Tarte aux marrons et au fromage blanc,500, g de fromage blanc
http://www.marmiton.org/recettes/recette_tarte-aux-marrons-et-au-fromage-blanc_27584.aspx,Tarte aux marrons et au fromage blanc,50, g de sucre
http://www.marmiton.org/recettes/recette_tarte-aux-marrons-et-au-fromage-blanc_27584.aspx,Tarte aux marrons et au fromage blanc,1, cuillère à soupe de farine
http://www.marmiton.org/recettes/recette_tarte-aux-marrons-et-au-fromage-blanc_27584.aspx,Tarte aux marrons et au fromage blanc,,Cacao
http://www.marmiton.org/recettes/recette_tarte-aux-marrons-et-au-fromage-blanc_27584.aspx,Tarte aux marrons et au fromage blanc,1, sachet de sucre vanillé
http://www.marmiton.org/recettes/recette_gateau-aux-fruits-facile_13377.aspx,Gâteau aux fruits facile,3, oeuf
http://www.marmiton.org/recettes/recette_gateau-aux-fruits-facile_13377.aspx,Gâteau aux fruits facile,200, g de sucre
http://www.marmiton.org/recettes/recette_gateau-aux-fruits-facile_13377.aspx,Gâteau aux fruits facile,200, g de farine
http://www.marmiton.org/recettes/recette_gateau-aux-fruits-facile_13377.aspx,Gâteau aux fruits facile,1, paquet de levure
http://www.marmiton.org/recettes/recette_gateau-aux-fruits-facile_13377.aspx,Gâteau aux fruits facile,3, cuillère à soupe de lait
http://www.marmiton.org/recettes/recette_gateau-aux-fruits-facile_13377.aspx,Gâteau aux fruits facile,3, cuillère à soupe d'huile
http://www.marmiton.org/recettes/recette_gateau-aux-fruits-facile_13377.aspx,Gâteau aux fruits facile,1, pincée de sel
http://www.marmiton.org/recettes/recette_gateau-aux-fruits-facile_13377.aspx,Gâteau aux fruits facile,,Fruits
http://www.marmiton.org/recettes/recette_gateau-vaucluse_253688.aspx,Gâteau Vaucluse,6, oeuf
http://www.marmiton.org/recettes/recette_gateau-vaucluse_253688.aspx,Gâteau Vaucluse,300, g de sucre
http://www.marmiton.org/recettes/recette_gateau-vaucluse_253688.aspx,Gâteau Vaucluse,60, g de farine
http://www.marmiton.org/recettes/recette_gateau-vaucluse_253688.aspx,Gâteau Vaucluse,90, g de fécule de pomme de terre
http://www.marmiton.org/recettes/recette_gateau-vaucluse_253688.aspx,Gâteau Vaucluse,1, cuillère à soupe de rhum
http://www.marmiton.org/recettes/recette_gateau-vaucluse_253688.aspx,Gâteau Vaucluse,500, g de framboise
http://www.marmiton.org/recettes/recette_gateau-vaucluse_253688.aspx,Gâteau Vaucluse,50, cl de crème
http://www.marmiton.org/recettes/recette_gateau-vaucluse_253688.aspx,Gâteau Vaucluse,3, cuillère à soupe de sucre glace
http://www.marmiton.org/recettes/recette_gateau-vaucluse_253688.aspx,Gâteau Vaucluse,100, g de chocolat blanc
http://www.marmiton.org/recettes/recette_gateau-de-semoule-a-la-noix-de-coco_21607.aspx,Gâteau de semoule à la noix de coco,125, g de semoule
http://www.marmiton.org/recettes/recette_gateau-de-semoule-a-la-noix-de-coco_21607.aspx,Gâteau de semoule à la noix de coco,75, cl de lait entier
http://www.marmiton.org/recettes/recette_gateau-de-semoule-a-la-noix-de-coco_21607.aspx,Gâteau de semoule à la noix de coco,100, g de beurre
http://www.marmiton.org/recettes/recette_gateau-de-semoule-a-la-noix-de-coco_21607.aspx,Gâteau de semoule à la noix de coco,3, oeuf
http://www.marmiton.org/recettes/recette_gateau-de-semoule-a-la-noix-de-coco_21607.aspx,Gâteau de semoule à la noix de coco,125, g de sucre
http://www.marmiton.org/recettes/recette_gateau-de-semoule-a-la-noix-de-coco_21607.aspx,Gâteau de semoule à la noix de coco,1, citron
http://www.marmiton.org/recettes/recette_gateau-de-semoule-a-la-noix-de-coco_21607.aspx,Gâteau de semoule à la noix de coco,4, cuillère à soupe de noix de coco rapée
http://www.marmiton.org/recettes/recette_gateau-de-semoule-a-la-noix-de-coco_21607.aspx,Gâteau de semoule à la noix de coco,1, gousse de vanille
http://www.marmiton.org/recettes/recette_gateau-de-semoule-a-la-noix-de-coco_21607.aspx,Gâteau de semoule à la noix de coco,2, cuillère à soupe de rhum
http://www.marmiton.org/recettes/recette_gateau-de-semoule-a-la-noix-de-coco_21607.aspx,Gâteau de semoule à la noix de coco,300, g de framboise
http://www.marmiton.org/recettes/recette_gateau-de-semoule-a-la-noix-de-coco_21607.aspx,Gâteau de semoule à la noix de coco,1, cuillère à café d'Alcool
http://www.marmiton.org/recettes/recette_gateau-de-semoule-a-la-noix-de-coco_21607.aspx,Gâteau de semoule à la noix de coco,,Sel
http://www.marmiton.org/recettes/recette_bavarois-a-la-mangue_86053.aspx,Bavarois à la mangue,6, mangue
http://www.marmiton.org/recettes/recette_bavarois-a-la-mangue_86053.aspx,Bavarois à la mangue,50, cl de crème liquide
http://www.marmiton.org/recettes/recette_bavarois-a-la-mangue_86053.aspx,Bavarois à la mangue,400, g de lait concentré sucré
http://www.marmiton.org/recettes/recette_bavarois-a-la-mangue_86053.aspx,Bavarois à la mangue,4, feuille de gélatine
http://www.marmiton.org/recettes/recette_bavarois-a-la-mangue_86053.aspx,Bavarois à la mangue,1, gousse de vanille
http://www.marmiton.org/recettes/recette_bavarois-a-la-mangue_86053.aspx,Bavarois à la mangue,150, g de biscuit
http://www.marmiton.org/recettes/recette_brioche-tressee-sans-oeuf_105711.aspx,Brioche tressée sans oeuf,500, g de farine
http://www.marmiton.org/recettes/recette_brioche-tressee-sans-oeuf_105711.aspx,Brioche tressée sans oeuf,3, cuillère à soupe de sucre
http://www.marmiton.org/recettes/recette_brioche-tressee-sans-oeuf_105711.aspx,Brioche tressée sans oeuf,1, cuillère à café de sel
http://www.marmiton.org/recettes/recette_brioche-tressee-sans-oeuf_105711.aspx,Brioche tressée sans oeuf,90, g de beurre
http://www.marmiton.org/recettes/recette_brioche-tressee-sans-oeuf_105711.aspx,Brioche tressée sans oeuf,1/4, l de lait
http://www.marmiton.org/recettes/recette_brioche-tressee-sans-oeuf_105711.aspx,Brioche tressée sans oeuf,1, sachet de levure de boulanger
http://www.marmiton.org/recettes/recette_tarte-crumble-nutella-banane-et-sa-pate-sablee-a-la-noisette_65562.aspx,Tarte crumble Nutella banane et sa pâte sablée à la noisette,250, g de farine
http://www.marmiton.org/recettes/recette_tarte-crumble-nutella-banane-et-sa-pate-sablee-a-la-noisette_65562.aspx,Tarte crumble Nutella banane et sa pâte sablée à la noisette,100, g de sucre
http://www.marmiton.org/recettes/recette_tarte-crumble-nutella-banane-et-sa-pate-sablee-a-la-noisette_65562.aspx,Tarte crumble Nutella banane et sa pâte sablée à la noisette,50, g de poudre de noisette
http://www.marmiton.org/recettes/recette_tarte-crumble-nutella-banane-et-sa-pate-sablee-a-la-noisette_65562.aspx,Tarte crumble Nutella banane et sa pâte sablée à la noisette,125, g de beurre
http://www.marmiton.org/recettes/recette_tarte-crumble-nutella-banane-et-sa-pate-sablee-a-la-noisette_65562.aspx,Tarte crumble Nutella banane et sa pâte sablée à la noisette,1, oeuf
http://www.marmiton.org/recettes/recette_tarte-crumble-nutella-banane-et-sa-pate-sablee-a-la-noisette_65562.aspx,Tarte crumble Nutella banane et sa pâte sablée à la noisette,1, pincée de sel
http://www.marmiton.org/recettes/recette_tarte-crumble-nutella-banane-et-sa-pate-sablee-a-la-noisette_65562.aspx,Tarte crumble Nutella banane et sa pâte sablée à la noisette,3, banane
http://www.marmiton.org/recettes/recette_tarte-crumble-nutella-banane-et-sa-pate-sablee-a-la-noisette_65562.aspx,Tarte crumble Nutella banane et sa pâte sablée à la noisette,250, g de nutella
http://www.marmiton.org/recettes/recette_tarte-crumble-nutella-banane-et-sa-pate-sablee-a-la-noisette_65562.aspx,Tarte crumble Nutella banane et sa pâte sablée à la noisette,80, g de farine
http://www.marmiton.org/recettes/recette_tarte-crumble-nutella-banane-et-sa-pate-sablee-a-la-noisette_65562.aspx,Tarte crumble Nutella banane et sa pâte sablée à la noisette,80, g de cassonade
http://www.marmiton.org/recettes/recette_tarte-crumble-nutella-banane-et-sa-pate-sablee-a-la-noisette_65562.aspx,Tarte crumble Nutella banane et sa pâte sablée à la noisette,40, g de poudre de noisette
http://www.marmiton.org/recettes/recette_tarte-crumble-nutella-banane-et-sa-pate-sablee-a-la-noisette_65562.aspx,Tarte crumble Nutella banane et sa pâte sablée à la noisette,60, g de beurre
http://www.marmiton.org/recettes/recette_tarte-au-flan-de-ma-grand-mere_24831.aspx,Tarte au flan de ma grand-mère,100, g de beurre
http://www.marmiton.org/recettes/recette_tarte-au-flan-de-ma-grand-mere_24831.aspx,Tarte au flan de ma grand-mère,1, verre de lait
http://www.marmiton.org/recettes/recette_tarte-au-flan-de-ma-grand-mere_24831.aspx,Tarte au flan de ma grand-mère,1, cuillère à soupe de sucre
http://www.marmiton.org/recettes/recette_tarte-au-flan-de-ma-grand-mere_24831.aspx,Tarte au flan de ma grand-mère,200, g de farine
http://www.marmiton.org/recettes/recette_tarte-au-flan-de-ma-grand-mere_24831.aspx,Tarte au flan de ma grand-mère,75, cl de lait
http://www.marmiton.org/recettes/recette_tarte-au-flan-de-ma-grand-mere_24831.aspx,Tarte au flan de ma grand-mère,3, cuillère à soupe de farine
http://www.marmiton.org/recettes/recette_tarte-au-flan-de-ma-grand-mere_24831.aspx,Tarte au flan de ma grand-mère,9, cuillère à soupe de sucre
http://www.marmiton.org/recettes/recette_tarte-au-flan-de-ma-grand-mere_24831.aspx,Tarte au flan de ma grand-mère,3, oeuf
http://www.marmiton.org/recettes/recette_tarte-au-flan-de-ma-grand-mere_24831.aspx,Tarte au flan de ma grand-mère,3, cuillère à soupe d'eau de fleur d'oranger
http://www.marmiton.org/recettes/recette_pudding-a-la-mandarine_176070.aspx,Pudding à la mandarine,1, brioche
http://www.marmiton.org/recettes/recette_pudding-a-la-mandarine_176070.aspx,Pudding à la mandarine,3, oeuf
http://www.marmiton.org/recettes/recette_pudding-a-la-mandarine_176070.aspx,Pudding à la mandarine,50, cl de lait entier
http://www.marmiton.org/recettes/recette_pudding-a-la-mandarine_176070.aspx,Pudding à la mandarine,80, g de sucre en poudre
http://www.marmiton.org/recettes/recette_pudding-a-la-mandarine_176070.aspx,Pudding à la mandarine,4, mandarine
http://www.marmiton.org/recettes/recette_pudding-a-la-mandarine_176070.aspx,Pudding à la mandarine,1, cuillère à café d'extrait de vanille
http://www.marmiton.org/recettes/recette_pudding-a-la-mandarine_176070.aspx,Pudding à la mandarine,,Caramel
http://www.marmiton.org/recettes/recette_tarte-aux-framboises_17787.aspx,Tarte aux framboises,300, g de farine
http://www.marmiton.org/recettes/recette_tarte-aux-framboises_17787.aspx,Tarte aux framboises,250, g de beurre demi-sel
http://www.marmiton.org/recettes/recette_tarte-aux-framboises_17787.aspx,Tarte aux framboises,250, g de mascarpone
http://www.marmiton.org/recettes/recette_tarte-aux-framboises_17787.aspx,Tarte aux framboises,100, g de fromage blanc
http://www.marmiton.org/recettes/recette_tarte-aux-framboises_17787.aspx,Tarte aux framboises,100, g de sucre
http://www.marmiton.org/recettes/recette_tarte-aux-framboises_17787.aspx,Tarte aux framboises,300, g de framboise
http://www.marmiton.org/recettes/recette_tarte-aux-framboises_17787.aspx,Tarte aux framboises,1, jus de citron
http://www.marmiton.org/recettes/recette_tarte-aux-framboises_17787.aspx,Tarte aux framboises,50, g de sucre glace
http://www.marmiton.org/recettes/recette_mini-fondants-chocolat-framboise_195356.aspx,Mini fondants chocolat framboise,100, g de beurre
http://www.marmiton.org/recettes/recette_mini-fondants-chocolat-framboise_195356.aspx,Mini fondants chocolat framboise,100, g de chocolat noir
http://www.marmiton.org/recettes/recette_mini-fondants-chocolat-framboise_195356.aspx,Mini fondants chocolat framboise,2, oeuf
http://www.marmiton.org/recettes/recette_mini-fondants-chocolat-framboise_195356.aspx,Mini fondants chocolat framboise,50, g de sucre
http://www.marmiton.org/recettes/recette_mini-fondants-chocolat-framboise_195356.aspx,Mini fondants chocolat framboise,25, g de farine
http://www.marmiton.org/recettes/recette_mini-fondants-chocolat-framboise_195356.aspx,Mini fondants chocolat framboise,,Confiture
http://www.marmiton.org/recettes/recette_diplomate-aux-pommes-et-petits-beurre_45257.aspx,Diplomate aux pommes et petits beurre,3, pomme
http://www.marmiton.org/recettes/recette_diplomate-aux-pommes-et-petits-beurre_45257.aspx,Diplomate aux pommes et petits beurre,200, g de fromage blanc
http://www.marmiton.org/recettes/recette_diplomate-aux-pommes-et-petits-beurre_45257.aspx,Diplomate aux pommes et petits beurre,11, petit beurre
http://www.marmiton.org/recettes/recette_diplomate-aux-pommes-et-petits-beurre_45257.aspx,Diplomate aux pommes et petits beurre,1, oeuf
http://www.marmiton.org/recettes/recette_diplomate-aux-pommes-et-petits-beurre_45257.aspx,Diplomate aux pommes et petits beurre,1, cuillère à soupe de cannelle
http://www.marmiton.org/recettes/recette_diplomate-aux-pommes-et-petits-beurre_45257.aspx,Diplomate aux pommes et petits beurre,3, cuillère à soupe de cassonade
http://www.marmiton.org/recettes/recette_tarte-aux-pamplemousses-roses_11175.aspx,Tarte aux pamplemousses roses,4, pamplemousse
http://www.marmiton.org/recettes/recette_tarte-aux-pamplemousses-roses_11175.aspx,Tarte aux pamplemousses roses,100, g de beurre
http://www.marmiton.org/recettes/recette_tarte-aux-pamplemousses-roses_11175.aspx,Tarte aux pamplemousses roses,3, oeuf
http://www.marmiton.org/recettes/recette_tarte-aux-pamplemousses-roses_11175.aspx,Tarte aux pamplemousses roses,3, cuillère à soupe de sucre
http://www.marmiton.org/recettes/recette_tarte-aux-pamplemousses-roses_11175.aspx,Tarte aux pamplemousses roses,1, pâte feuilletée
http://www.marmiton.org/recettes/recette_charlotte-aux-poires-a-la-creme-fraiche_37418.aspx,Charlotte aux poires à la crème fraîche,20, cl de crème fraîche épaisse
http://www.marmiton.org/recettes/recette_charlotte-aux-poires-a-la-creme-fraiche_37418.aspx,Charlotte aux poires à la crème fraîche,30, biscuits à la cuillère
http://www.marmiton.org/recettes/recette_charlotte-aux-poires-a-la-creme-fraiche_37418.aspx,Charlotte aux poires à la crème fraîche,2, cuillère à soupe de kirsch
http://www.marmiton.org/recettes/recette_charlotte-aux-poires-a-la-creme-fraiche_37418.aspx,Charlotte aux poires à la crème fraîche,300, g de fromage blanc
http://www.marmiton.org/recettes/recette_charlotte-aux-poires-a-la-creme-fraiche_37418.aspx,Charlotte aux poires à la crème fraîche,450, g de poire
http://www.marmiton.org/recettes/recette_charlotte-aux-poires-a-la-creme-fraiche_37418.aspx,Charlotte aux poires à la crème fraîche,70, g de sucre en poudre
http://www.marmiton.org/recettes/recette_charlotte-aux-poires-a-la-creme-fraiche_37418.aspx,Charlotte aux poires à la crème fraîche,200, g de coulis de fruit rouge
http://www.marmiton.org/recettes/recette_tarte-meringuee-framboise-citron-banane_83817.aspx,Tarte meringuée framboise citron banane,4, oeuf
http://www.marmiton.org/recettes/recette_tarte-meringuee-framboise-citron-banane_83817.aspx,Tarte meringuée framboise citron banane,125, g de sucre
http://www.marmiton.org/recettes/recette_tarte-meringuee-framboise-citron-banane_83817.aspx,Tarte meringuée framboise citron banane,250, g de farine
http://www.marmiton.org/recettes/recette_tarte-meringuee-framboise-citron-banane_83817.aspx,Tarte meringuée framboise citron banane,100, g de beurre
http://www.marmiton.org/recettes/recette_tarte-meringuee-framboise-citron-banane_83817.aspx,Tarte meringuée framboise citron banane,1, pincée de sel
http://www.marmiton.org/recettes/recette_tarte-meringuee-framboise-citron-banane_83817.aspx,Tarte meringuée framboise citron banane,8, cuillère à soupe de confiture
http://www.marmiton.org/recettes/recette_tarte-meringuee-framboise-citron-banane_83817.aspx,Tarte meringuée framboise citron banane,2, banane
http://www.marmiton.org/recettes/recette_tarte-meringuee-framboise-citron-banane_83817.aspx,Tarte meringuée framboise citron banane,3, oeuf
http://www.marmiton.org/recettes/recette_tarte-meringuee-framboise-citron-banane_83817.aspx,Tarte meringuée framboise citron banane,1, cuillère à soupe de maïzena
http://www.marmiton.org/recettes/recette_tarte-meringuee-framboise-citron-banane_83817.aspx,Tarte meringuée framboise citron banane,5, cuillère à soupe de crème liquide
http://www.marmiton.org/recettes/recette_tarte-meringuee-framboise-citron-banane_83817.aspx,Tarte meringuée framboise citron banane,100, g de sucre glace
http://www.marmiton.org/recettes/recette_tarte-meringuee-framboise-citron-banane_83817.aspx,Tarte meringuée framboise citron banane,10, cl de jus de citron
http://www.marmiton.org/recettes/recette_tarte-meringuee-framboise-citron-banane_83817.aspx,Tarte meringuée framboise citron banane,10, g de citron
http://www.marmiton.org/recettes/recette_tarte-meringuee-framboise-citron-banane_83817.aspx,Tarte meringuée framboise citron banane,4, oeuf
http://www.marmiton.org/recettes/recette_tarte-meringuee-framboise-citron-banane_83817.aspx,Tarte meringuée framboise citron banane,100, g de sucre glace
http://www.marmiton.org/recettes/recette_tarte-meringuee-framboise-citron-banane_83817.aspx,Tarte meringuée framboise citron banane,10, g de citron
http://www.marmiton.org/recettes/recette_salade-de-fraises-et-kiwis_38137.aspx,Salade de fraises et kiwis,1, kg de fraise
http://www.marmiton.org/recettes/recette_salade-de-fraises-et-kiwis_38137.aspx,Salade de fraises et kiwis,4, kiwi
http://www.marmiton.org/recettes/recette_salade-de-fraises-et-kiwis_38137.aspx,Salade de fraises et kiwis,1, orange
http://www.marmiton.org/recettes/recette_salade-de-fraises-et-kiwis_38137.aspx,Salade de fraises et kiwis,2, cuillère à soupe de jus de citron
http://www.marmiton.org/recettes/recette_salade-de-fraises-et-kiwis_38137.aspx,Salade de fraises et kiwis,3, cuillère à soupe de sirop
http://www.marmiton.org/recettes/recette_salade-de-fraises-et-kiwis_38137.aspx,Salade de fraises et kiwis,1, cuillère à café de kirsch
http://www.marmiton.org/recettes/recette_salade-de-fraises-et-kiwis_38137.aspx,Salade de fraises et kiwis,1, pincée de poivre
http://www.marmiton.org/recettes/recette_salade-de-fraises-et-kiwis_38137.aspx,Salade de fraises et kiwis,,Menthe
http://www.marmiton.org/recettes/recette_gateau-bananes-chocolat-et-noix_229940.aspx,"Gâteau bananes, chocolat et noix",50, g de chocolat pâtissier
http://www.marmiton.org/recettes/recette_gateau-bananes-chocolat-et-noix_229940.aspx,"Gâteau bananes, chocolat et noix",1, cuillère à soupe de lait
http://www.marmiton.org/recettes/recette_gateau-bananes-chocolat-et-noix_229940.aspx,"Gâteau bananes, chocolat et noix",1, cuillère à café de miel
http://www.marmiton.org/recettes/recette_gateau-bananes-chocolat-et-noix_229940.aspx,"Gâteau bananes, chocolat et noix",100, g de farine
http://www.marmiton.org/recettes/recette_gateau-bananes-chocolat-et-noix_229940.aspx,"Gâteau bananes, chocolat et noix",1, sachet de levure
http://www.marmiton.org/recettes/recette_gateau-bananes-chocolat-et-noix_229940.aspx,"Gâteau bananes, chocolat et noix",1, oeuf
http://www.marmiton.org/recettes/recette_gateau-bananes-chocolat-et-noix_229940.aspx,"Gâteau bananes, chocolat et noix",1, cuillère à café de cannelle
http://www.marmiton.org/recettes/recette_gateau-bananes-chocolat-et-noix_229940.aspx,"Gâteau bananes, chocolat et noix",2, banane
http://www.marmiton.org/recettes/recette_gateau-bananes-chocolat-et-noix_229940.aspx,"Gâteau bananes, chocolat et noix",100, g de noix
http://www.marmiton.org/recettes/recette_gateau-bananes-chocolat-et-noix_229940.aspx,"Gâteau bananes, chocolat et noix",100, g de chocolat pâtissier
http://www.marmiton.org/recettes/recette_gateau-bananes-chocolat-et-noix_229940.aspx,"Gâteau bananes, chocolat et noix",20, g de beurre
http://www.marmiton.org/recettes/recette_gateau-bananes-chocolat-et-noix_229940.aspx,"Gâteau bananes, chocolat et noix",10, cl de crème liquide
http://www.marmiton.org/recettes/recette_glace-aux-noisettes_166280.aspx,Glace aux noisettes,35, cl de lait
http://www.marmiton.org/recettes/recette_glace-aux-noisettes_166280.aspx,Glace aux noisettes,25, cl de crème
http://www.marmiton.org/recettes/recette_glace-aux-noisettes_166280.aspx,Glace aux noisettes,150, g de sucre en poudre
http://www.marmiton.org/recettes/recette_glace-aux-noisettes_166280.aspx,Glace aux noisettes,6, jaune d'oeuf
http://www.marmiton.org/recettes/recette_glace-aux-noisettes_166280.aspx,Glace aux noisettes,150, g de poudre de noisette
http://www.marmiton.org/recettes/recette_tarte-tatin-banane-toffee_346953.aspx,Tarte tatin banane toffee ,1, pâte feuilletée
http://www.marmiton.org/recettes/recette_tarte-tatin-banane-toffee_346953.aspx,Tarte tatin banane toffee ,1, cuillère à soupe de farine
http://www.marmiton.org/recettes/recette_tarte-tatin-banane-toffee_346953.aspx,Tarte tatin banane toffee ,20, cl de crème liquide
http://www.marmiton.org/recettes/recette_tarte-tatin-banane-toffee_346953.aspx,Tarte tatin banane toffee ,60, g de beurre
http://www.marmiton.org/recettes/recette_tarte-tatin-banane-toffee_346953.aspx,Tarte tatin banane toffee ,65, g de sucre
http://www.marmiton.org/recettes/recette_tarte-tatin-banane-toffee_346953.aspx,Tarte tatin banane toffee ,5, banane
http://www.marmiton.org/recettes/recette_damier-d-ananas-sur-son-biscuit_315784.aspx,Damier d'ananas sur son biscuit,12, gâteaux
http://www.marmiton.org/recettes/recette_damier-d-ananas-sur-son-biscuit_315784.aspx,Damier d'ananas sur son biscuit,60, g de beurre
http://www.marmiton.org/recettes/recette_damier-d-ananas-sur-son-biscuit_315784.aspx,Damier d'ananas sur son biscuit,150, g d'ananas
http://www.marmiton.org/recettes/recette_damier-d-ananas-sur-son-biscuit_315784.aspx,Damier d'ananas sur son biscuit,50, g d'eau
http://www.marmiton.org/recettes/recette_damier-d-ananas-sur-son-biscuit_315784.aspx,Damier d'ananas sur son biscuit,10, g de beurre
http://www.marmiton.org/recettes/recette_damier-d-ananas-sur-son-biscuit_315784.aspx,Damier d'ananas sur son biscuit,380, g d'ananas
http://www.marmiton.org/recettes/recette_damier-d-ananas-sur-son-biscuit_315784.aspx,Damier d'ananas sur son biscuit,50, g de beurre
http://www.marmiton.org/recettes/recette_damier-d-ananas-sur-son-biscuit_315784.aspx,Damier d'ananas sur son biscuit,30, g de sucre
http://www.marmiton.org/recettes/recette_damier-d-ananas-sur-son-biscuit_315784.aspx,Damier d'ananas sur son biscuit,4, feuille de menthe
http://www.marmiton.org/recettes/recette_damier-d-ananas-sur-son-biscuit_315784.aspx,Damier d'ananas sur son biscuit,1, pincée de cannelle
http://www.marmiton.org/recettes/recette_moelleux-chocolat-a-la-stevia_168510.aspx,Moelleux chocolat à la stevia,200, g de chocolat noir
http://www.marmiton.org/recettes/recette_moelleux-chocolat-a-la-stevia_168510.aspx,Moelleux chocolat à la stevia,2, oeuf
http://www.marmiton.org/recettes/recette_moelleux-chocolat-a-la-stevia_168510.aspx,Moelleux chocolat à la stevia,1, cuillère à soupe de beurre
http://www.marmiton.org/recettes/recette_moelleux-chocolat-a-la-stevia_168510.aspx,Moelleux chocolat à la stevia,1, cuillère à soupe de maïzena
http://www.marmiton.org/recettes/recette_moelleux-chocolat-a-la-stevia_168510.aspx,Moelleux chocolat à la stevia,1, cuillère à café de sucre
http://www.marmiton.org/recettes/recette_moelleux-chocolat-a-la-stevia_168510.aspx,Moelleux chocolat à la stevia,,Moules
http://www.marmiton.org/recettes/recette_moelleux-chocolat-a-la-stevia_168510.aspx,Moelleux chocolat à la stevia,,Poivre
http://www.marmiton.org/recettes/recette_mousse-tres-chocolat-au-siphon_166211.aspx,Mousse très chocolat au siphon ,80, g de chocolat noir
http://www.marmiton.org/recettes/recette_mousse-tres-chocolat-au-siphon_166211.aspx,Mousse très chocolat au siphon ,20, cl de crème fraîche
http://www.marmiton.org/recettes/recette_pate-a-crepes-moelleuse-riche-en-oeufs_55537.aspx,Pâte à crèpes moelleuse riche en oeufs,250, g de farine
http://www.marmiton.org/recettes/recette_pate-a-crepes-moelleuse-riche-en-oeufs_55537.aspx,Pâte à crèpes moelleuse riche en oeufs,60, g de sucre
http://www.marmiton.org/recettes/recette_pate-a-crepes-moelleuse-riche-en-oeufs_55537.aspx,Pâte à crèpes moelleuse riche en oeufs,6, oeuf
http://www.marmiton.org/recettes/recette_pate-a-crepes-moelleuse-riche-en-oeufs_55537.aspx,Pâte à crèpes moelleuse riche en oeufs,8, cl d'huile
http://www.marmiton.org/recettes/recette_pate-a-crepes-moelleuse-riche-en-oeufs_55537.aspx,Pâte à crèpes moelleuse riche en oeufs,80, g de beurre
http://www.marmiton.org/recettes/recette_pate-a-crepes-moelleuse-riche-en-oeufs_55537.aspx,Pâte à crèpes moelleuse riche en oeufs,75, cl de lait
http://www.marmiton.org/recettes/recette_pate-a-crepes-moelleuse-riche-en-oeufs_55537.aspx,Pâte à crèpes moelleuse riche en oeufs,1, cuillère à soupe de rhum
http://www.marmiton.org/recettes/recette_gateau-aux-amandes-et-aux-noix_309589.aspx,Gâteau aux amandes et aux noix,100, g de farine
http://www.marmiton.org/recettes/recette_gateau-aux-amandes-et-aux-noix_309589.aspx,Gâteau aux amandes et aux noix,125, g de beurre
http://www.marmiton.org/recettes/recette_gateau-aux-amandes-et-aux-noix_309589.aspx,Gâteau aux amandes et aux noix,70, g de sucre semoule
http://www.marmiton.org/recettes/recette_gateau-aux-amandes-et-aux-noix_309589.aspx,Gâteau aux amandes et aux noix,4, oeuf
http://www.marmiton.org/recettes/recette_gateau-aux-amandes-et-aux-noix_309589.aspx,Gâteau aux amandes et aux noix,1, pincée de cannelle
http://www.marmiton.org/recettes/recette_gateau-aux-amandes-et-aux-noix_309589.aspx,Gâteau aux amandes et aux noix,4, sachet de sucre vanillé
http://www.marmiton.org/recettes/recette_gateau-aux-amandes-et-aux-noix_309589.aspx,Gâteau aux amandes et aux noix,1, sachet de levure
http://www.marmiton.org/recettes/recette_gateau-aux-amandes-et-aux-noix_309589.aspx,Gâteau aux amandes et aux noix,70, g d'amande
http://www.marmiton.org/recettes/recette_gateau-aux-amandes-et-aux-noix_309589.aspx,Gâteau aux amandes et aux noix,70, g de cerneau de noix
http://www.marmiton.org/recettes/recette_gateau-aux-amandes-et-aux-noix_309589.aspx,Gâteau aux amandes et aux noix,40, cl de lait
http://www.marmiton.org/recettes/recette_gateau-aux-amandes-et-aux-noix_309589.aspx,Gâteau aux amandes et aux noix,20, cl de crème fraîche
http://www.marmiton.org/recettes/recette_figues-au-fromage-de-chevre-et-au-miel_50525.aspx,Figues au fromage de chèvre et au miel,8, figue
http://www.marmiton.org/recettes/recette_figues-au-fromage-de-chevre-et-au-miel_50525.aspx,Figues au fromage de chèvre et au miel,4, tranche de chèvre
http://www.marmiton.org/recettes/recette_figues-au-fromage-de-chevre-et-au-miel_50525.aspx,Figues au fromage de chèvre et au miel,8, cuillère à soupe de miel
http://www.marmiton.org/recettes/recette_figues-au-fromage-de-chevre-et-au-miel_50525.aspx,Figues au fromage de chèvre et au miel,50, g d'amande
http://www.marmiton.org/recettes/recette_cake-black-and-white_37463.aspx,Cake black and white,170, g de beurre
http://www.marmiton.org/recettes/recette_cake-black-and-white_37463.aspx,Cake black and white,3, oeuf
http://www.marmiton.org/recettes/recette_cake-black-and-white_37463.aspx,Cake black and white,150, g de sucre
http://www.marmiton.org/recettes/recette_cake-black-and-white_37463.aspx,Cake black and white,120, g de farine
http://www.marmiton.org/recettes/recette_cake-black-and-white_37463.aspx,Cake black and white,100, g d'amande
http://www.marmiton.org/recettes/recette_cake-black-and-white_37463.aspx,Cake black and white,80, g de maïzena
http://www.marmiton.org/recettes/recette_cake-black-and-white_37463.aspx,Cake black and white,70, g de noix
http://www.marmiton.org/recettes/recette_cake-black-and-white_37463.aspx,Cake black and white,100, g de chocolat blanc
http://www.marmiton.org/recettes/recette_cake-black-and-white_37463.aspx,Cake black and white,150, g de pruneau
http://www.marmiton.org/recettes/recette_cake-black-and-white_37463.aspx,Cake black and white,5, cl de lait
http://www.marmiton.org/recettes/recette_cake-black-and-white_37463.aspx,Cake black and white,1, sachet de levure chimique
http://www.marmiton.org/recettes/recette_cake-black-and-white_37463.aspx,Cake black and white,1, pincée de sel
http://www.marmiton.org/recettes/recette_cake-black-and-white_37463.aspx,Cake black and white,200, g de chocolat blanc
http://www.marmiton.org/recettes/recette_cake-black-and-white_37463.aspx,Cake black and white,8, cerneau de noix
http://www.marmiton.org/recettes/recette_compote-de-raisins-facile_21994.aspx,Compote de raisins facile,1, kg de raisin blanc
http://www.marmiton.org/recettes/recette_compote-de-raisins-facile_21994.aspx,Compote de raisins facile,25, cl d'eau
http://www.marmiton.org/recettes/recette_compote-de-raisins-facile_21994.aspx,Compote de raisins facile,250, g de sucre
http://www.marmiton.org/recettes/recette_tartelettes-citron-basilic_314533.aspx,Tartelettes citron basilic,80, g de beurre
http://www.marmiton.org/recettes/recette_tartelettes-citron-basilic_314533.aspx,Tartelettes citron basilic,50, g de sucre
http://www.marmiton.org/recettes/recette_tartelettes-citron-basilic_314533.aspx,Tartelettes citron basilic,20, g d'amande
http://www.marmiton.org/recettes/recette_tartelettes-citron-basilic_314533.aspx,Tartelettes citron basilic,1, pincée de sel
http://www.marmiton.org/recettes/recette_tartelettes-citron-basilic_314533.aspx,Tartelettes citron basilic,1/2, gousse de vanille
http://www.marmiton.org/recettes/recette_tartelettes-citron-basilic_314533.aspx,Tartelettes citron basilic,1/2, oeuf
http://www.marmiton.org/recettes/recette_tartelettes-citron-basilic_314533.aspx,Tartelettes citron basilic,125, g de farine
http://www.marmiton.org/recettes/recette_tartelettes-citron-basilic_314533.aspx,Tartelettes citron basilic,3, citron
http://www.marmiton.org/recettes/recette_tartelettes-citron-basilic_314533.aspx,Tartelettes citron basilic,150, g de beurre
http://www.marmiton.org/recettes/recette_tartelettes-citron-basilic_314533.aspx,Tartelettes citron basilic,3, oeuf
http://www.marmiton.org/recettes/recette_tartelettes-citron-basilic_314533.aspx,Tartelettes citron basilic,3, jaune d'oeuf
http://www.marmiton.org/recettes/recette_tartelettes-citron-basilic_314533.aspx,Tartelettes citron basilic,180, g de sucre
http://www.marmiton.org/recettes/recette_tartelettes-citron-basilic_314533.aspx,Tartelettes citron basilic,1, botte de basilic
http://www.marmiton.org/recettes/recette_tarte-au-chocolat-express_73535.aspx,Tarte au chocolat express,20, cl de crème fraîche
http://www.marmiton.org/recettes/recette_tarte-au-chocolat-express_73535.aspx,Tarte au chocolat express,200, g de chocolat
http://www.marmiton.org/recettes/recette_tarte-au-chocolat-express_73535.aspx,Tarte au chocolat express,1, pâte sablée
http://www.marmiton.org/recettes/recette_canistrelli-corse_12794.aspx,Canistrelli (Corse),3, kg de farine
http://www.marmiton.org/recettes/recette_canistrelli-corse_12794.aspx,Canistrelli (Corse),1, kg de sucre
http://www.marmiton.org/recettes/recette_canistrelli-corse_12794.aspx,Canistrelli (Corse),1/2, l de vin blanc
http://www.marmiton.org/recettes/recette_canistrelli-corse_12794.aspx,Canistrelli (Corse),1/2, l d'eau
http://www.marmiton.org/recettes/recette_canistrelli-corse_12794.aspx,Canistrelli (Corse),1, l d'huile d'arachide
http://www.marmiton.org/recettes/recette_canistrelli-corse_12794.aspx,Canistrelli (Corse),,Levure de boulanger
http://www.marmiton.org/recettes/recette_pancakes-faciles_23548.aspx,Pancakes faciles,6, cuillère à soupe de farine
http://www.marmiton.org/recettes/recette_pancakes-faciles_23548.aspx,Pancakes faciles,6, cuillère à soupe de sucre
http://www.marmiton.org/recettes/recette_pancakes-faciles_23548.aspx,Pancakes faciles,6, cuillère à soupe de lait
http://www.marmiton.org/recettes/recette_pancakes-faciles_23548.aspx,Pancakes faciles,2, oeuf
http://www.marmiton.org/recettes/recette_gateau-coco-bananes_49902.aspx,Gâteau coco bananes,3, oeuf
http://www.marmiton.org/recettes/recette_gateau-coco-bananes_49902.aspx,Gâteau coco bananes,150, g de sucre
http://www.marmiton.org/recettes/recette_gateau-coco-bananes_49902.aspx,Gâteau coco bananes,100, g de crème fraîche
http://www.marmiton.org/recettes/recette_gateau-coco-bananes_49902.aspx,Gâteau coco bananes,125, g de farine
http://www.marmiton.org/recettes/recette_gateau-coco-bananes_49902.aspx,Gâteau coco bananes,1, sachet de levure
http://www.marmiton.org/recettes/recette_gateau-coco-bananes_49902.aspx,Gâteau coco bananes,1, sachet de sucre vanillé
http://www.marmiton.org/recettes/recette_gateau-coco-bananes_49902.aspx,Gâteau coco bananes,40, g de beurre
http://www.marmiton.org/recettes/recette_gateau-coco-bananes_49902.aspx,Gâteau coco bananes,50, g de noix de coco
http://www.marmiton.org/recettes/recette_gateau-coco-bananes_49902.aspx,Gâteau coco bananes,2, banane
http://www.marmiton.org/recettes/recette_barquettes-a-la-fraise_222081.aspx,Barquettes à la fraise,100, g de sucre
http://www.marmiton.org/recettes/recette_barquettes-a-la-fraise_222081.aspx,Barquettes à la fraise,3, jaune d'oeuf
http://www.marmiton.org/recettes/recette_barquettes-a-la-fraise_222081.aspx,Barquettes à la fraise,80, g de farine
http://www.marmiton.org/recettes/recette_barquettes-a-la-fraise_222081.aspx,Barquettes à la fraise,2, feuille de gélatine
http://www.marmiton.org/recettes/recette_barquettes-a-la-fraise_222081.aspx,Barquettes à la fraise,20, cl d'eau
http://www.marmiton.org/recettes/recette_barquettes-a-la-fraise_222081.aspx,Barquettes à la fraise,2, cuillère à soupe de sirop
http://www.marmiton.org/recettes/recette_barquettes-a-la-fraise_222081.aspx,Barquettes à la fraise,,Arôme
http://www.marmiton.org/recettes/recette_cigares-aux-amandes_319908.aspx,cigares aux amandes,10, feuille de brick
http://www.marmiton.org/recettes/recette_cigares-aux-amandes_319908.aspx,cigares aux amandes,50, cl d'huile
http://www.marmiton.org/recettes/recette_cigares-aux-amandes_319908.aspx,cigares aux amandes,180, g de Poudre d'amande
http://www.marmiton.org/recettes/recette_cigares-aux-amandes_319908.aspx,cigares aux amandes,80, g de sucre en poudre
http://www.marmiton.org/recettes/recette_cigares-aux-amandes_319908.aspx,cigares aux amandes,1, cuillère à soupe de fleur d'oranger
http://www.marmiton.org/recettes/recette_cigares-aux-amandes_319908.aspx,cigares aux amandes,1, cuillère de miel
http://www.marmiton.org/recettes/recette_cigares-aux-amandes_319908.aspx,cigares aux amandes,1, oeuf
http://www.marmiton.org/recettes/recette_cigares-aux-amandes_319908.aspx,cigares aux amandes,1, pincée de cannelle
http://www.marmiton.org/recettes/recette_cigares-aux-amandes_319908.aspx,cigares aux amandes,,goutte d'extrait d'amande amère
http://www.marmiton.org/recettes/recette_cigares-aux-amandes_319908.aspx,cigares aux amandes,1, cuillère à soupe de farine
http://www.marmiton.org/recettes/recette_cigares-aux-amandes_319908.aspx,cigares aux amandes,,Eau
http://www.marmiton.org/recettes/recette_cigares-aux-amandes_319908.aspx,cigares aux amandes,1/2, citron
http://www.marmiton.org/recettes/recette_cigares-aux-amandes_319908.aspx,cigares aux amandes,100, g de sucre
http://www.marmiton.org/recettes/recette_cigares-aux-amandes_319908.aspx,cigares aux amandes,15, cl d'eau
http://www.marmiton.org/recettes/recette_trianon-croustillant-choco-framboise_222859.aspx,Trianon croustillant choco-framboise,80, g de beurre
http://www.marmiton.org/recettes/recette_trianon-croustillant-choco-framboise_222859.aspx,Trianon croustillant choco-framboise,150, g de biscuit
http://www.marmiton.org/recettes/recette_trianon-croustillant-choco-framboise_222859.aspx,Trianon croustillant choco-framboise,50, g de crêpe dentelle
http://www.marmiton.org/recettes/recette_trianon-croustillant-choco-framboise_222859.aspx,Trianon croustillant choco-framboise,125, g de chocolat blanc
http://www.marmiton.org/recettes/recette_trianon-croustillant-choco-framboise_222859.aspx,Trianon croustillant choco-framboise,180, g de confiture
http://www.marmiton.org/recettes/recette_trianon-croustillant-choco-framboise_222859.aspx,Trianon croustillant choco-framboise,200, g de chocolat noir
http://www.marmiton.org/recettes/recette_trianon-croustillant-choco-framboise_222859.aspx,Trianon croustillant choco-framboise,20, cl de crème fraîche liquide
http://www.marmiton.org/recettes/recette_trianon-croustillant-choco-framboise_222859.aspx,Trianon croustillant choco-framboise,1, cuillère à soupe de sucre glace
http://www.marmiton.org/recettes/recette_galette-bressane-pate-a-tarte-montee_29045.aspx,Galette bressane (pâte à tarte montée),200, g de farine
http://www.marmiton.org/recettes/recette_galette-bressane-pate-a-tarte-montee_29045.aspx,Galette bressane (pâte à tarte montée),1/8, l de lait
http://www.marmiton.org/recettes/recette_galette-bressane-pate-a-tarte-montee_29045.aspx,Galette bressane (pâte à tarte montée),10, g de sucre
http://www.marmiton.org/recettes/recette_galette-bressane-pate-a-tarte-montee_29045.aspx,Galette bressane (pâte à tarte montée),1, oeuf
http://www.marmiton.org/recettes/recette_galette-bressane-pate-a-tarte-montee_29045.aspx,Galette bressane (pâte à tarte montée),50, g de beurre
http://www.marmiton.org/recettes/recette_galette-bressane-pate-a-tarte-montee_29045.aspx,Galette bressane (pâte à tarte montée),,Crème
http://www.marmiton.org/recettes/recette_galette-bressane-pate-a-tarte-montee_29045.aspx,Galette bressane (pâte à tarte montée),,Sucre roux
http://www.marmiton.org/recettes/recette_galette-bressane-pate-a-tarte-montee_29045.aspx,Galette bressane (pâte à tarte montée),,Fruits
http://www.marmiton.org/recettes/recette_galette-bressane-pate-a-tarte-montee_29045.aspx,Galette bressane (pâte à tarte montée),,Confiture
http://www.marmiton.org/recettes/recette_gateau-aux-pommes-et-aux-abricots_18160.aspx,Gâteau aux pommes et aux abricots,1, cuillère à soupe de caramel
http://www.marmiton.org/recettes/recette_gateau-aux-pommes-et-aux-abricots_18160.aspx,Gâteau aux pommes et aux abricots,150, g de beurre
http://www.marmiton.org/recettes/recette_gateau-aux-pommes-et-aux-abricots_18160.aspx,Gâteau aux pommes et aux abricots,160, g de sucre
http://www.marmiton.org/recettes/recette_gateau-aux-pommes-et-aux-abricots_18160.aspx,Gâteau aux pommes et aux abricots,4, oeuf
http://www.marmiton.org/recettes/recette_gateau-aux-pommes-et-aux-abricots_18160.aspx,Gâteau aux pommes et aux abricots,200, g de farine
http://www.marmiton.org/recettes/recette_gateau-aux-pommes-et-aux-abricots_18160.aspx,Gâteau aux pommes et aux abricots,1, sachet de levure chimique
http://www.marmiton.org/recettes/recette_gateau-aux-pommes-et-aux-abricots_18160.aspx,Gâteau aux pommes et aux abricots,4, pomme
http://www.marmiton.org/recettes/recette_gateau-aux-pommes-et-aux-abricots_18160.aspx,Gâteau aux pommes et aux abricots,1, boîte d'abricot
http://www.marmiton.org/recettes/recette_tarte-tatin-aux-abricots-nougat-et-pistaches_254290.aspx,"Tarte tatin aux abricots, nougat et pistaches",1, pâte feuilletée
http://www.marmiton.org/recettes/recette_tarte-tatin-aux-abricots-nougat-et-pistaches_254290.aspx,"Tarte tatin aux abricots, nougat et pistaches",1, kg d'abricot
http://www.marmiton.org/recettes/recette_tarte-tatin-aux-abricots-nougat-et-pistaches_254290.aspx,"Tarte tatin aux abricots, nougat et pistaches",125, g de nougat
http://www.marmiton.org/recettes/recette_tarte-tatin-aux-abricots-nougat-et-pistaches_254290.aspx,"Tarte tatin aux abricots, nougat et pistaches",30, g de pistache
http://www.marmiton.org/recettes/recette_tarte-tatin-aux-abricots-nougat-et-pistaches_254290.aspx,"Tarte tatin aux abricots, nougat et pistaches",2, cuillère à soupe de sucre en poudre
http://www.marmiton.org/recettes/recette_tarte-tatin-aux-abricots-nougat-et-pistaches_254290.aspx,"Tarte tatin aux abricots, nougat et pistaches",1, sachet de sucre vanillé
http://www.marmiton.org/recettes/recette_tarte-tatin-aux-abricots-nougat-et-pistaches_254290.aspx,"Tarte tatin aux abricots, nougat et pistaches",1, cuillère à soupe de miel
http://www.marmiton.org/recettes/recette_tarte-tatin-aux-abricots-nougat-et-pistaches_254290.aspx,"Tarte tatin aux abricots, nougat et pistaches",,Beurre
http://www.marmiton.org/recettes/recette_tarte-tatin-aux-abricots-nougat-et-pistaches_254290.aspx,"Tarte tatin aux abricots, nougat et pistaches",,Pêche
http://www.marmiton.org/recettes/recette_tarte-aux-kiwis_19205.aspx,Tarte aux kiwis,250, g de farine
http://www.marmiton.org/recettes/recette_tarte-aux-kiwis_19205.aspx,Tarte aux kiwis,1, pincée de sel
http://www.marmiton.org/recettes/recette_tarte-aux-kiwis_19205.aspx,Tarte aux kiwis,125, g de sucre
http://www.marmiton.org/recettes/recette_tarte-aux-kiwis_19205.aspx,Tarte aux kiwis,125, g de beurre
http://www.marmiton.org/recettes/recette_tarte-aux-kiwis_19205.aspx,Tarte aux kiwis,1, oeuf
http://www.marmiton.org/recettes/recette_tarte-aux-kiwis_19205.aspx,Tarte aux kiwis,4, oeuf
http://www.marmiton.org/recettes/recette_tarte-aux-kiwis_19205.aspx,Tarte aux kiwis,5, cl de crème fraîche
http://www.marmiton.org/recettes/recette_tarte-aux-kiwis_19205.aspx,Tarte aux kiwis,100, g de sucre
http://www.marmiton.org/recettes/recette_tarte-aux-kiwis_19205.aspx,Tarte aux kiwis,1/2, jus de citron
http://www.marmiton.org/recettes/recette_tarte-aux-kiwis_19205.aspx,Tarte aux kiwis,4, kiwi
http://www.marmiton.org/recettes/recette_pommes-aux-four-aux-myrtilles_336543.aspx,Pommes aux four aux myrtilles,3, pomme
http://www.marmiton.org/recettes/recette_pommes-aux-four-aux-myrtilles_336543.aspx,Pommes aux four aux myrtilles,6, cuillère à café de confiture
http://www.marmiton.org/recettes/recette_pommes-aux-four-aux-myrtilles_336543.aspx,Pommes aux four aux myrtilles,20, g de cassonade
http://www.marmiton.org/recettes/recette_pommes-aux-four-aux-myrtilles_336543.aspx,Pommes aux four aux myrtilles,,Eau
http://www.marmiton.org/recettes/recette_muffins-au-pastis-fourres-au-chocolat-blanc_335635.aspx,Muffins au pastis fourrés au chocolat blanc,15, cl de pastis
http://www.marmiton.org/recettes/recette_muffins-au-pastis-fourres-au-chocolat-blanc_335635.aspx,Muffins au pastis fourrés au chocolat blanc,1, pot de yaourt
http://www.marmiton.org/recettes/recette_muffins-au-pastis-fourres-au-chocolat-blanc_335635.aspx,Muffins au pastis fourrés au chocolat blanc,1/2, pot d'huile de colza
http://www.marmiton.org/recettes/recette_muffins-au-pastis-fourres-au-chocolat-blanc_335635.aspx,Muffins au pastis fourrés au chocolat blanc,1, pot de sucre
http://www.marmiton.org/recettes/recette_muffins-au-pastis-fourres-au-chocolat-blanc_335635.aspx,Muffins au pastis fourrés au chocolat blanc,1, cuillère à soupe de miel
http://www.marmiton.org/recettes/recette_muffins-au-pastis-fourres-au-chocolat-blanc_335635.aspx,Muffins au pastis fourrés au chocolat blanc,1.5, pot de farine
http://www.marmiton.org/recettes/recette_muffins-au-pastis-fourres-au-chocolat-blanc_335635.aspx,Muffins au pastis fourrés au chocolat blanc,1.5, pot de maïzena
http://www.marmiton.org/recettes/recette_muffins-au-pastis-fourres-au-chocolat-blanc_335635.aspx,Muffins au pastis fourrés au chocolat blanc,3, oeuf
http://www.marmiton.org/recettes/recette_muffins-au-pastis-fourres-au-chocolat-blanc_335635.aspx,Muffins au pastis fourrés au chocolat blanc,1/2, sachet de levure chimique
http://www.marmiton.org/recettes/recette_muffins-au-pastis-fourres-au-chocolat-blanc_335635.aspx,Muffins au pastis fourrés au chocolat blanc,10, chocolat blanc
http://www.marmiton.org/recettes/recette_muffins-au-pastis-fourres-au-chocolat-blanc_335635.aspx,Muffins au pastis fourrés au chocolat blanc,10, pincée de pavot
http://www.marmiton.org/recettes/recette_muffins-au-pastis-fourres-au-chocolat-blanc_335635.aspx,Muffins au pastis fourrés au chocolat blanc,12, moules
http://www.marmiton.org/recettes/recette_sorbet-a-la-poire-et-a-l-anis_201102.aspx,Sorbet à la poire et à l'anis,6, poire
http://www.marmiton.org/recettes/recette_sorbet-a-la-poire-et-a-l-anis_201102.aspx,Sorbet à la poire et à l'anis,3, cl d'eau
http://www.marmiton.org/recettes/recette_sorbet-a-la-poire-et-a-l-anis_201102.aspx,Sorbet à la poire et à l'anis,200, g de sucre
http://www.marmiton.org/recettes/recette_sorbet-a-la-poire-et-a-l-anis_201102.aspx,Sorbet à la poire et à l'anis,3, anis étoilé
http://www.marmiton.org/recettes/recette_compote-de-fruits_165963.aspx,Compote de fruits,1, pomme
http://www.marmiton.org/recettes/recette_compote-de-fruits_165963.aspx,Compote de fruits,1, poire
http://www.marmiton.org/recettes/recette_compote-de-fruits_165963.aspx,Compote de fruits,1, banane
http://www.marmiton.org/recettes/recette_compote-de-fruits_165963.aspx,Compote de fruits,1, mandarine
http://www.marmiton.org/recettes/recette_compote-de-fruits_165963.aspx,Compote de fruits,16, cl de lait
http://www.marmiton.org/recettes/recette_compote-de-fruits_165963.aspx,Compote de fruits,,Sucre
http://www.marmiton.org/recettes/recette_creme-au-chocolat-sans-gluten_343251.aspx,Crème au chocolat (sans gluten),3, cuillère à café de maïzena
http://www.marmiton.org/recettes/recette_creme-au-chocolat-sans-gluten_343251.aspx,Crème au chocolat (sans gluten),2, cuillère à café de chocolat en poudre
http://www.marmiton.org/recettes/recette_creme-au-chocolat-sans-gluten_343251.aspx,Crème au chocolat (sans gluten),1/2, l de lait
http://www.marmiton.org/recettes/recette_muffins-chocolat-poire-banane-super-legers_87550.aspx,Muffins chocolat poire/banane super légers,150, g de chocolat
http://www.marmiton.org/recettes/recette_muffins-chocolat-poire-banane-super-legers_87550.aspx,Muffins chocolat poire/banane super légers,35, g de beurre
http://www.marmiton.org/recettes/recette_muffins-chocolat-poire-banane-super-legers_87550.aspx,Muffins chocolat poire/banane super légers,100, g de sucre roux
http://www.marmiton.org/recettes/recette_muffins-chocolat-poire-banane-super-legers_87550.aspx,Muffins chocolat poire/banane super légers,3, oeuf
http://www.marmiton.org/recettes/recette_muffins-chocolat-poire-banane-super-legers_87550.aspx,Muffins chocolat poire/banane super légers,1, pincée de sel
http://www.marmiton.org/recettes/recette_muffins-chocolat-poire-banane-super-legers_87550.aspx,Muffins chocolat poire/banane super légers,225, g de farine
http://www.marmiton.org/recettes/recette_muffins-chocolat-poire-banane-super-legers_87550.aspx,Muffins chocolat poire/banane super légers,1, sachet de levure
http://www.marmiton.org/recettes/recette_muffins-chocolat-poire-banane-super-legers_87550.aspx,Muffins chocolat poire/banane super légers,13, cl de lait
http://www.marmiton.org/recettes/recette_muffins-chocolat-poire-banane-super-legers_87550.aspx,Muffins chocolat poire/banane super légers,2, poire
http://www.marmiton.org/recettes/recette_muffins-chocolat-poire-banane-super-legers_87550.aspx,Muffins chocolat poire/banane super légers,,Chocolat
http://www.marmiton.org/recettes/recette_brownies-au-chocolat-et-aux-noisettes_19586.aspx,BROWNIES AU CHOCOLAT ET AUX NOISETTES,250, g de chocolat
http://www.marmiton.org/recettes/recette_brownies-au-chocolat-et-aux-noisettes_19586.aspx,BROWNIES AU CHOCOLAT ET AUX NOISETTES,125, g de noisette
http://www.marmiton.org/recettes/recette_brownies-au-chocolat-et-aux-noisettes_19586.aspx,BROWNIES AU CHOCOLAT ET AUX NOISETTES,200, g de sucre en poudre
http://www.marmiton.org/recettes/recette_brownies-au-chocolat-et-aux-noisettes_19586.aspx,BROWNIES AU CHOCOLAT ET AUX NOISETTES,1, sachet de sucre vanillé
http://www.marmiton.org/recettes/recette_brownies-au-chocolat-et-aux-noisettes_19586.aspx,BROWNIES AU CHOCOLAT ET AUX NOISETTES,1/2, sachet de levure
http://www.marmiton.org/recettes/recette_brownies-au-chocolat-et-aux-noisettes_19586.aspx,BROWNIES AU CHOCOLAT ET AUX NOISETTES,2, oeuf
http://www.marmiton.org/recettes/recette_brownies-au-chocolat-et-aux-noisettes_19586.aspx,BROWNIES AU CHOCOLAT ET AUX NOISETTES,125, g de beurre
http://www.marmiton.org/recettes/recette_brownies-au-chocolat-et-aux-noisettes_19586.aspx,BROWNIES AU CHOCOLAT ET AUX NOISETTES,100, g de farine
http://www.marmiton.org/recettes/recette_brownies-au-chocolat-et-aux-noisettes_19586.aspx,BROWNIES AU CHOCOLAT ET AUX NOISETTES,1, pincée de sel
http://www.marmiton.org/recettes/recette_petites-cuisses-de-dames-schenkele-alsace_19982.aspx,Petites cuisses de dames 'Schenkele' (Alsace),350, g de farine
http://www.marmiton.org/recettes/recette_petites-cuisses-de-dames-schenkele-alsace_19982.aspx,Petites cuisses de dames 'Schenkele' (Alsace),200, g de sucre en poudre
http://www.marmiton.org/recettes/recette_petites-cuisses-de-dames-schenkele-alsace_19982.aspx,Petites cuisses de dames 'Schenkele' (Alsace),4, oeuf
http://www.marmiton.org/recettes/recette_petites-cuisses-de-dames-schenkele-alsace_19982.aspx,Petites cuisses de dames 'Schenkele' (Alsace),100, g de beurre
http://www.marmiton.org/recettes/recette_petites-cuisses-de-dames-schenkele-alsace_19982.aspx,Petites cuisses de dames 'Schenkele' (Alsace),125, g d'amande
http://www.marmiton.org/recettes/recette_petites-cuisses-de-dames-schenkele-alsace_19982.aspx,Petites cuisses de dames 'Schenkele' (Alsace),1, cuillère à soupe de kirsch
http://www.marmiton.org/recettes/recette_petites-cuisses-de-dames-schenkele-alsace_19982.aspx,Petites cuisses de dames 'Schenkele' (Alsace),1, pincée de sel
http://www.marmiton.org/recettes/recette_petites-cuisses-de-dames-schenkele-alsace_19982.aspx,Petites cuisses de dames 'Schenkele' (Alsace),1, cuillère à soupe d'eau de fleur d'oranger
http://www.marmiton.org/recettes/recette_push-cake-facile-aux-biscuits-roses-et-aux-framboises_327601.aspx,Push cake facile aux biscuits roses et aux framboises,10, biscuit
http://www.marmiton.org/recettes/recette_push-cake-facile-aux-biscuits-roses-et-aux-framboises_327601.aspx,Push cake facile aux biscuits roses et aux framboises,250, g de framboise
http://www.marmiton.org/recettes/recette_push-cake-facile-aux-biscuits-roses-et-aux-framboises_327601.aspx,Push cake facile aux biscuits roses et aux framboises,175, g de mascarpone
http://www.marmiton.org/recettes/recette_push-cake-facile-aux-biscuits-roses-et-aux-framboises_327601.aspx,Push cake facile aux biscuits roses et aux framboises,25, cl de crème liquide
http://www.marmiton.org/recettes/recette_push-cake-facile-aux-biscuits-roses-et-aux-framboises_327601.aspx,Push cake facile aux biscuits roses et aux framboises,1, gousse de vanille
http://www.marmiton.org/recettes/recette_push-cake-facile-aux-biscuits-roses-et-aux-framboises_327601.aspx,Push cake facile aux biscuits roses et aux framboises,25, g de sucre glace
http://www.marmiton.org/recettes/recette_push-cake-facile-aux-biscuits-roses-et-aux-framboises_327601.aspx,Push cake facile aux biscuits roses et aux framboises,,Sucre
http://www.marmiton.org/recettes/recette_butternut-a-la-cannelle_44197.aspx,Butternut à la cannelle,1, courge
http://www.marmiton.org/recettes/recette_butternut-a-la-cannelle_44197.aspx,Butternut à la cannelle,100, g de beurre
http://www.marmiton.org/recettes/recette_butternut-a-la-cannelle_44197.aspx,Butternut à la cannelle,,Cannelle
http://www.marmiton.org/recettes/recette_butternut-a-la-cannelle_44197.aspx,Butternut à la cannelle,,Sucre en poudre
http://www.marmiton.org/recettes/recette_cheesecake-cafe-et-amaretti_345080.aspx,Cheesecake café et amaretti,120, g d'amaretti
http://www.marmiton.org/recettes/recette_cheesecake-cafe-et-amaretti_345080.aspx,Cheesecake café et amaretti,70, g de beurre
http://www.marmiton.org/recettes/recette_cheesecake-cafe-et-amaretti_345080.aspx,Cheesecake café et amaretti,400, g de fromage frais
http://www.marmiton.org/recettes/recette_cheesecake-cafe-et-amaretti_345080.aspx,Cheesecake café et amaretti,60, g de sucre
http://www.marmiton.org/recettes/recette_cheesecake-cafe-et-amaretti_345080.aspx,Cheesecake café et amaretti,10, cl de café
http://www.marmiton.org/recettes/recette_cheesecake-cafe-et-amaretti_345080.aspx,Cheesecake café et amaretti,10, cl de crème
http://www.marmiton.org/recettes/recette_cheesecake-cafe-et-amaretti_345080.aspx,Cheesecake café et amaretti,3, feuille de gélatine
http://www.marmiton.org/recettes/recette_tarte-au-cafe_16342.aspx,Tarte au café,1, pâte brisée
http://www.marmiton.org/recettes/recette_tarte-au-cafe_16342.aspx,Tarte au café,2, cuillère de café
http://www.marmiton.org/recettes/recette_tarte-au-cafe_16342.aspx,Tarte au café,100, g de sucre
http://www.marmiton.org/recettes/recette_tarte-au-cafe_16342.aspx,Tarte au café,200, g d'amande
http://www.marmiton.org/recettes/recette_tarte-au-cafe_16342.aspx,Tarte au café,4, oeuf
http://www.marmiton.org/recettes/recette_tarte-au-cafe_16342.aspx,Tarte au café,40, g de beurre
http://www.marmiton.org/recettes/recette_confiture-de-poire-et-pomme-map_59721.aspx,Confiture de poire et pomme (MAP),3, poire
http://www.marmiton.org/recettes/recette_confiture-de-poire-et-pomme-map_59721.aspx,Confiture de poire et pomme (MAP),1, pomme
http://www.marmiton.org/recettes/recette_confiture-de-poire-et-pomme-map_59721.aspx,Confiture de poire et pomme (MAP),200, g de sucre en poudre
http://www.marmiton.org/recettes/recette_confiture-de-poire-et-pomme-map_59721.aspx,Confiture de poire et pomme (MAP),1, sachet de sucre vanillé
http://www.marmiton.org/recettes/recette_confiture-de-poire-et-pomme-map_59721.aspx,Confiture de poire et pomme (MAP),1/2, sachet de confiture
http://www.marmiton.org/recettes/recette_confiture-de-poire-et-pomme-map_59721.aspx,Confiture de poire et pomme (MAP),,Poivre
http://www.marmiton.org/recettes/recette_madeleines-aux-m-m-s_308200.aspx,Madeleines aux m&m's,2, oeuf
http://www.marmiton.org/recettes/recette_madeleines-aux-m-m-s_308200.aspx,Madeleines aux m&m's,90, g de sucre en poudre
http://www.marmiton.org/recettes/recette_madeleines-aux-m-m-s_308200.aspx,Madeleines aux m&m's,100, g de farine
http://www.marmiton.org/recettes/recette_madeleines-aux-m-m-s_308200.aspx,Madeleines aux m&m's,1, cuillère à café de levure chimique
http://www.marmiton.org/recettes/recette_madeleines-aux-m-m-s_308200.aspx,Madeleines aux m&m's,100, g de beurre
http://www.marmiton.org/recettes/recette_madeleines-aux-m-m-s_308200.aspx,Madeleines aux m&m's,1/2, cuillère à café de vanille
http://www.marmiton.org/recettes/recette_madeleines-aux-m-m-s_308200.aspx,Madeleines aux m&m's,65, g de M&M's cacahuète
http://www.marmiton.org/recettes/recette_gateau-au-the-earl-grey_40532.aspx,Gâteau au thé Earl Grey,4, sachet de thé
http://www.marmiton.org/recettes/recette_gateau-au-the-earl-grey_40532.aspx,Gâteau au thé Earl Grey,3, oeuf
http://www.marmiton.org/recettes/recette_gateau-au-the-earl-grey_40532.aspx,Gâteau au thé Earl Grey,2, blanc d'oeuf
http://www.marmiton.org/recettes/recette_gateau-au-the-earl-grey_40532.aspx,Gâteau au thé Earl Grey,110, g de beurre
http://www.marmiton.org/recettes/recette_gateau-au-the-earl-grey_40532.aspx,Gâteau au thé Earl Grey,110, g de farine
http://www.marmiton.org/recettes/recette_gateau-au-the-earl-grey_40532.aspx,Gâteau au thé Earl Grey,1/2, cuillère à café de levure
http://www.marmiton.org/recettes/recette_gateau-au-the-earl-grey_40532.aspx,Gâteau au thé Earl Grey,2, cuillère à soupe de lait
http://www.marmiton.org/recettes/recette_gateau-au-the-earl-grey_40532.aspx,Gâteau au thé Earl Grey,2, cuillère à soupe de brandy
http://www.marmiton.org/recettes/recette_tartarinade-aux-pommes-et-aux-corn-flakes_336136.aspx,Tartarinade aux pommes et aux corn flakes,800, g de pomme
http://www.marmiton.org/recettes/recette_tartarinade-aux-pommes-et-aux-corn-flakes_336136.aspx,Tartarinade aux pommes et aux corn flakes,150, g de sucre
http://www.marmiton.org/recettes/recette_tartarinade-aux-pommes-et-aux-corn-flakes_336136.aspx,Tartarinade aux pommes et aux corn flakes,150, g de farine
http://www.marmiton.org/recettes/recette_tartarinade-aux-pommes-et-aux-corn-flakes_336136.aspx,Tartarinade aux pommes et aux corn flakes,3, cuillère à soupe de crème épaisse
http://www.marmiton.org/recettes/recette_tartarinade-aux-pommes-et-aux-corn-flakes_336136.aspx,Tartarinade aux pommes et aux corn flakes,3, oeuf
http://www.marmiton.org/recettes/recette_tartarinade-aux-pommes-et-aux-corn-flakes_336136.aspx,Tartarinade aux pommes et aux corn flakes,25, cl de lait
http://www.marmiton.org/recettes/recette_tartarinade-aux-pommes-et-aux-corn-flakes_336136.aspx,Tartarinade aux pommes et aux corn flakes,1, sachet de levure chimique
http://www.marmiton.org/recettes/recette_tartarinade-aux-pommes-et-aux-corn-flakes_336136.aspx,Tartarinade aux pommes et aux corn flakes,1, sachet de sucre vanillé
http://www.marmiton.org/recettes/recette_tartarinade-aux-pommes-et-aux-corn-flakes_336136.aspx,Tartarinade aux pommes et aux corn flakes,3, pincée de cannelle
http://www.marmiton.org/recettes/recette_tartarinade-aux-pommes-et-aux-corn-flakes_336136.aspx,Tartarinade aux pommes et aux corn flakes,50, g d'amande
http://www.marmiton.org/recettes/recette_tartarinade-aux-pommes-et-aux-corn-flakes_336136.aspx,Tartarinade aux pommes et aux corn flakes,3, cuillère à soupe de sucre roux
http://www.marmiton.org/recettes/recette_tartarinade-aux-pommes-et-aux-corn-flakes_336136.aspx,Tartarinade aux pommes et aux corn flakes,150, g de corn flakes
http://www.marmiton.org/recettes/recette_delice-framboises-et-mures_218225.aspx,Délice framboises et mûres,300, g de framboise
http://www.marmiton.org/recettes/recette_delice-framboises-et-mures_218225.aspx,Délice framboises et mûres,300, g de mûre
http://www.marmiton.org/recettes/recette_delice-framboises-et-mures_218225.aspx,Délice framboises et mûres,40, g de sucre
http://www.marmiton.org/recettes/recette_delice-framboises-et-mures_218225.aspx,Délice framboises et mûres,250, g de mascarpone
http://www.marmiton.org/recettes/recette_delice-framboises-et-mures_218225.aspx,Délice framboises et mûres,50, g de sucre glace
http://www.marmiton.org/recettes/recette_delice-framboises-et-mures_218225.aspx,Délice framboises et mûres,3, blanc d'oeuf
http://www.marmiton.org/recettes/recette_cheese-cake-au-citron_25861.aspx,Cheese cake au citron,250, g de fromage
http://www.marmiton.org/recettes/recette_cheese-cake-au-citron_25861.aspx,Cheese cake au citron,2, citron
http://www.marmiton.org/recettes/recette_cheese-cake-au-citron_25861.aspx,Cheese cake au citron,400, g de lait concentré sucré
http://www.marmiton.org/recettes/recette_cheese-cake-au-citron_25861.aspx,Cheese cake au citron,12, biscuit
http://www.marmiton.org/recettes/recette_cheese-cake-au-citron_25861.aspx,Cheese cake au citron,70, g de beurre
http://www.marmiton.org/recettes/recette_compote-pomme-miel_69540.aspx,Compote pomme miel,10, pomme
http://www.marmiton.org/recettes/recette_compote-pomme-miel_69540.aspx,Compote pomme miel,,Maïs
http://www.marmiton.org/recettes/recette_compote-pomme-miel_69540.aspx,Compote pomme miel,4, cuillère à soupe de miel
http://www.marmiton.org/recettes/recette_compote-pomme-miel_69540.aspx,Compote pomme miel,1, sachet de sucre vanillé
http://www.marmiton.org/recettes/recette_compote-pomme-miel_69540.aspx,Compote pomme miel,15, cl d'eau
http://www.marmiton.org/recettes/recette_compote-pomme-miel_69540.aspx,Compote pomme miel,20, g de beurre
http://www.marmiton.org/recettes/recette_verrines-tagada-circus_49745.aspx,Verrines tagada circus,25, fraise tagada®
http://www.marmiton.org/recettes/recette_verrines-tagada-circus_49745.aspx,Verrines tagada circus,10, cl de crème fraîche liquide
http://www.marmiton.org/recettes/recette_verrines-tagada-circus_49745.aspx,Verrines tagada circus,2, blanc d'oeuf
http://www.marmiton.org/recettes/recette_verrines-tagada-circus_49745.aspx,Verrines tagada circus,1/2, feuille de gélatine
http://www.marmiton.org/recettes/recette_tarte-citron-et-clementine_253605.aspx,Tarte citron et clémentine,2, citron
http://www.marmiton.org/recettes/recette_tarte-citron-et-clementine_253605.aspx,Tarte citron et clémentine,1, clémentine
http://www.marmiton.org/recettes/recette_tarte-citron-et-clementine_253605.aspx,Tarte citron et clémentine,3, oeuf
http://www.marmiton.org/recettes/recette_tarte-citron-et-clementine_253605.aspx,Tarte citron et clémentine,150, g de beurre
http://www.marmiton.org/recettes/recette_tarte-citron-et-clementine_253605.aspx,Tarte citron et clémentine,200, g de sucre roux
http://www.marmiton.org/recettes/recette_tarte-citron-et-clementine_253605.aspx,Tarte citron et clémentine,150, g de farine
http://www.marmiton.org/recettes/recette_tarte-citron-et-clementine_253605.aspx,Tarte citron et clémentine,1, pincée de sel
http://www.marmiton.org/recettes/recette_verrine-mangue-framboise-speculoos_93347.aspx,Verrine mangue framboise spéculoos,450, g de mangue
http://www.marmiton.org/recettes/recette_verrine-mangue-framboise-speculoos_93347.aspx,Verrine mangue framboise spéculoos,250, g de framboise
http://www.marmiton.org/recettes/recette_verrine-mangue-framboise-speculoos_93347.aspx,Verrine mangue framboise spéculoos,1, paquet de spéculoos
http://www.marmiton.org/recettes/recette_verrine-mangue-framboise-speculoos_93347.aspx,Verrine mangue framboise spéculoos,500, g de fromage blanc
http://www.marmiton.org/recettes/recette_verrine-mangue-framboise-speculoos_93347.aspx,Verrine mangue framboise spéculoos,,Sucre
http://www.marmiton.org/recettes/recette_tarte-a-l-ananas-et-a-la-noix-de-coco_13759.aspx,Tarte à l'ananas et à la noix de coco,1, pâte brisée
http://www.marmiton.org/recettes/recette_tarte-a-l-ananas-et-a-la-noix-de-coco_13759.aspx,Tarte à l'ananas et à la noix de coco,125, g de noix de coco rapée
http://www.marmiton.org/recettes/recette_tarte-a-l-ananas-et-a-la-noix-de-coco_13759.aspx,Tarte à l'ananas et à la noix de coco,8, tranche d'ananas
http://www.marmiton.org/recettes/recette_tarte-a-l-ananas-et-a-la-noix-de-coco_13759.aspx,Tarte à l'ananas et à la noix de coco,3, oeuf
http://www.marmiton.org/recettes/recette_tarte-a-l-ananas-et-a-la-noix-de-coco_13759.aspx,Tarte à l'ananas et à la noix de coco,125, g de crème fraîche
http://www.marmiton.org/recettes/recette_tarte-a-l-ananas-et-a-la-noix-de-coco_13759.aspx,Tarte à l'ananas et à la noix de coco,50, g de sucre
http://www.marmiton.org/recettes/recette_tarte-a-l-ananas-et-a-la-noix-de-coco_13759.aspx,Tarte à l'ananas et à la noix de coco,,Chocolat
http://www.marmiton.org/recettes/recette_delicieux-cheesecake-au-brownie_342830.aspx,Délicieux cheesecake au Brownie,1, boîte de brownie
http://www.marmiton.org/recettes/recette_delicieux-cheesecake-au-brownie_342830.aspx,Délicieux cheesecake au Brownie,6, oeuf
http://www.marmiton.org/recettes/recette_delicieux-cheesecake-au-brownie_342830.aspx,Délicieux cheesecake au Brownie,70, ml d'huile d'olive
http://www.marmiton.org/recettes/recette_delicieux-cheesecake-au-brownie_342830.aspx,Délicieux cheesecake au Brownie,10, ml d'arôme vanille
http://www.marmiton.org/recettes/recette_delicieux-cheesecake-au-brownie_342830.aspx,Délicieux cheesecake au Brownie,100, g de sucre
http://www.marmiton.org/recettes/recette_delicieux-cheesecake-au-brownie_342830.aspx,Délicieux cheesecake au Brownie,500, g de fromage frais
http://www.marmiton.org/recettes/recette_financiers-a-la-pate-a-tartiner_324770.aspx,Financiers à la pâte à tartiner ,70, g de beurre
http://www.marmiton.org/recettes/recette_financiers-a-la-pate-a-tartiner_324770.aspx,Financiers à la pâte à tartiner ,125, g de Poudre d'amande
http://www.marmiton.org/recettes/recette_financiers-a-la-pate-a-tartiner_324770.aspx,Financiers à la pâte à tartiner ,100, g de sucre
http://www.marmiton.org/recettes/recette_financiers-a-la-pate-a-tartiner_324770.aspx,Financiers à la pâte à tartiner ,,Pâte à tartiner
http://www.marmiton.org/recettes/recette_financiers-a-la-pate-a-tartiner_324770.aspx,Financiers à la pâte à tartiner ,2, oeuf
http://www.marmiton.org/recettes/recette_financiers-a-la-pate-a-tartiner_324770.aspx,Financiers à la pâte à tartiner ,,Extrait d'amande amère
http://www.marmiton.org/recettes/recette_financiers-a-la-pate-a-tartiner_324770.aspx,Financiers à la pâte à tartiner ,25, g de farine
http://www.marmiton.org/recettes/recette_muffins-a-l-orange-et-au-nutella_349102.aspx,Muffins à l’orange et au Nutella®,1, zeste d'orange
http://www.marmiton.org/recettes/recette_muffins-a-l-orange-et-au-nutella_349102.aspx,Muffins à l’orange et au Nutella®,4, oeuf
http://www.marmiton.org/recettes/recette_muffins-a-l-orange-et-au-nutella_349102.aspx,Muffins à l’orange et au Nutella®,200, g de sucre
http://www.marmiton.org/recettes/recette_muffins-a-l-orange-et-au-nutella_349102.aspx,Muffins à l’orange et au Nutella®,200, g d'huile de tournesol
http://www.marmiton.org/recettes/recette_muffins-a-l-orange-et-au-nutella_349102.aspx,Muffins à l’orange et au Nutella®,220, g de farine
http://www.marmiton.org/recettes/recette_muffins-a-l-orange-et-au-nutella_349102.aspx,Muffins à l’orange et au Nutella®,2, sachet de levure
http://www.marmiton.org/recettes/recette_muffins-a-l-orange-et-au-nutella_349102.aspx,Muffins à l’orange et au Nutella®,1, pincée de sel
http://www.marmiton.org/recettes/recette_muffins-a-l-orange-et-au-nutella_349102.aspx,Muffins à l’orange et au Nutella®,180, g de Nutella®
http://www.marmiton.org/recettes/recette_muffin-banane-avoine-light_344906.aspx,Muffin banane avoine light,1, cuillère à café d'édulcorant
http://www.marmiton.org/recettes/recette_muffin-banane-avoine-light_344906.aspx,Muffin banane avoine light,2, cuillère à café d'arôme
http://www.marmiton.org/recettes/recette_muffin-banane-avoine-light_344906.aspx,Muffin banane avoine light,2, oeuf
http://www.marmiton.org/recettes/recette_muffin-banane-avoine-light_344906.aspx,Muffin banane avoine light,90, g d'avoine
http://www.marmiton.org/recettes/recette_muffin-banane-avoine-light_344906.aspx,Muffin banane avoine light,2, banane
http://www.marmiton.org/recettes/recette_muffin-banane-avoine-light_344906.aspx,Muffin banane avoine light,1, yaourt nature
http://www.marmiton.org/recettes/recette_muffin-banane-avoine-light_344906.aspx,Muffin banane avoine light,1, sachet de levure chimique
http://www.marmiton.org/recettes/recette_muffins-aux-mures-vegetaliens-et-sans-gluten_173732.aspx,Muffins aux mûres (végétaliens et sans gluten),40, g de maïzena
http://www.marmiton.org/recettes/recette_muffins-aux-mures-vegetaliens-et-sans-gluten_173732.aspx,Muffins aux mûres (végétaliens et sans gluten),1/4, banane
http://www.marmiton.org/recettes/recette_muffins-aux-mures-vegetaliens-et-sans-gluten_173732.aspx,Muffins aux mûres (végétaliens et sans gluten),150, g de sirop
http://www.marmiton.org/recettes/recette_muffins-aux-mures-vegetaliens-et-sans-gluten_173732.aspx,Muffins aux mûres (végétaliens et sans gluten),30, g d'huile d'olive
http://www.marmiton.org/recettes/recette_muffins-aux-mures-vegetaliens-et-sans-gluten_173732.aspx,Muffins aux mûres (végétaliens et sans gluten),60, g de farine
http://www.marmiton.org/recettes/recette_muffins-aux-mures-vegetaliens-et-sans-gluten_173732.aspx,Muffins aux mûres (végétaliens et sans gluten),70, g de mûre
http://www.marmiton.org/recettes/recette_muffins-aux-mures-vegetaliens-et-sans-gluten_173732.aspx,Muffins aux mûres (végétaliens et sans gluten),1/2, cuillère à café de bicarbonate
http://www.marmiton.org/recettes/recette_muffins-aux-mures-vegetaliens-et-sans-gluten_173732.aspx,Muffins aux mûres (végétaliens et sans gluten),1/4, cuillère à café de sel
http://www.marmiton.org/recettes/recette_genoise-facile-a-l-ananas_23589.aspx,Génoise facile à l'ananas,2, oeuf
http://www.marmiton.org/recettes/recette_genoise-facile-a-l-ananas_23589.aspx,Génoise facile à l'ananas,1, verre de fromage blanc
http://www.marmiton.org/recettes/recette_genoise-facile-a-l-ananas_23589.aspx,Génoise facile à l'ananas,2, verre de farine
http://www.marmiton.org/recettes/recette_genoise-facile-a-l-ananas_23589.aspx,Génoise facile à l'ananas,1, sachet de levure
http://www.marmiton.org/recettes/recette_genoise-facile-a-l-ananas_23589.aspx,Génoise facile à l'ananas,1/2, verre d'huile
http://www.marmiton.org/recettes/recette_genoise-facile-a-l-ananas_23589.aspx,Génoise facile à l'ananas,2, verre de sucre
http://www.marmiton.org/recettes/recette_genoise-facile-a-l-ananas_23589.aspx,Génoise facile à l'ananas,1, cuillère à café de cannelle
http://www.marmiton.org/recettes/recette_genoise-facile-a-l-ananas_23589.aspx,Génoise facile à l'ananas,1, cuillère à soupe de rhum
http://www.marmiton.org/recettes/recette_genoise-facile-a-l-ananas_23589.aspx,Génoise facile à l'ananas,,Caramel
http://www.marmiton.org/recettes/recette_genoise-facile-a-l-ananas_23589.aspx,Génoise facile à l'ananas,1, petite boîte d'ananas
http://www.marmiton.org/recettes/recette_pain-d-epices-leger_15837.aspx,Pain d'épices léger,250, g de farine de blé
http://www.marmiton.org/recettes/recette_pain-d-epices-leger_15837.aspx,Pain d'épices léger,1/2, paquet de levure
http://www.marmiton.org/recettes/recette_pain-d-epices-leger_15837.aspx,Pain d'épices léger,125, g de miel
http://www.marmiton.org/recettes/recette_pain-d-epices-leger_15837.aspx,Pain d'épices léger,2, dl de lait
http://www.marmiton.org/recettes/recette_pain-d-epices-leger_15837.aspx,Pain d'épices léger,1, cuillère à café de cannelle
http://www.marmiton.org/recettes/recette_pain-d-epices-leger_15837.aspx,Pain d'épices léger,1, cuillère à café de mélange 4 épices
http://www.marmiton.org/recettes/recette_pain-d-epices-leger_15837.aspx,Pain d'épices léger,100, g de cassonade
http://www.marmiton.org/recettes/recette_pain-d-epices-leger_15837.aspx,Pain d'épices léger,1, morceau de gingembre confit
http://www.marmiton.org/recettes/recette_flan-antillais-a-la-noix-de-coco_336364.aspx,Flan antillais à la noix de coco,1, boîte de lait concentré sucré
http://www.marmiton.org/recettes/recette_flan-antillais-a-la-noix-de-coco_336364.aspx,Flan antillais à la noix de coco,,boîte de lait entier
http://www.marmiton.org/recettes/recette_flan-antillais-a-la-noix-de-coco_336364.aspx,Flan antillais à la noix de coco,3, oeuf
http://www.marmiton.org/recettes/recette_flan-antillais-a-la-noix-de-coco_336364.aspx,Flan antillais à la noix de coco,70, g de noix de coco rapée
http://www.marmiton.org/recettes/recette_flan-antillais-a-la-noix-de-coco_336364.aspx,Flan antillais à la noix de coco,2, caramel
http://www.marmiton.org/recettes/recette_flan-antillais-a-la-noix-de-coco_336364.aspx,Flan antillais à la noix de coco,1, moules
http://www.marmiton.org/recettes/recette_buche-facon-tiramisu_42719.aspx,Bûche facon tiramisu,4, oeuf
http://www.marmiton.org/recettes/recette_buche-facon-tiramisu_42719.aspx,Bûche facon tiramisu,100, g de sucre en poudre
http://www.marmiton.org/recettes/recette_buche-facon-tiramisu_42719.aspx,Bûche facon tiramisu,100, g de farine
http://www.marmiton.org/recettes/recette_buche-facon-tiramisu_42719.aspx,Bûche facon tiramisu,50, g de beurre
http://www.marmiton.org/recettes/recette_buche-facon-tiramisu_42719.aspx,Bûche facon tiramisu,250, g de chocolat
http://www.marmiton.org/recettes/recette_buche-facon-tiramisu_42719.aspx,Bûche facon tiramisu,500, g de mascarpone
http://www.marmiton.org/recettes/recette_buche-facon-tiramisu_42719.aspx,Bûche facon tiramisu,3, cuillère à soupe de rhum
http://www.marmiton.org/recettes/recette_buche-facon-tiramisu_42719.aspx,Bûche facon tiramisu,3, cuillère à soupe de café
http://www.marmiton.org/recettes/recette_buche-facon-tiramisu_42719.aspx,Bûche facon tiramisu,1, sachet de glaçage
